notif_id,user_id,daily_notifications,muted_count
4000,1000,207,55
4001,1001,183,74
4002,1002,85,8
4003,1003,120,17
4004,1004,270,57
4005,1005,152,25
4006,1006,309,15
4007,1007,70,77
4008,1008,325,51
4009,1009,55,57
4010,1010,282,48
4011,1011,178,57
4012,1012,202,58
4013,1013,174,34
4014,1014,185,66
4015,1015,131,48
4016,1016,226,3
4017,1017,237,57
4018,1018,149,31
4019,1019,122,48
4020,1020,221,35
4021,1021,302,47
4022,1022,67,3
4023,1023,159,35
4024,1024,91,55
4025,1025,107,39
4026,1026,207,68
4027,1027,89,6
4028,1028,162,50
4029,1029,225,7
4030,1030,261,31
4031,1031,223,11
4032,1032,61,3
4033,1033,65,64
4034,1034,234,13
4035,1035,255,36
4036,1036,125,25
4037,1037,149,47
4038,1038,261,44
4039,1039,124,7
4040,1040,198,48
4041,1041,43,43
4042,1042,233,10
4043,1043,118,53
4044,1044,102,75
4045,1045,65,42
4046,1046,250,50
4047,1047,314,16
4048,1048,344,68
4049,1049,161,48
4050,1050,81,30
4051,1051,323,65
4052,1052,238,51
4053,1053,329,53
4054,1054,129,66
4055,1055,305,66
4056,1056,139,72
4057,1057,296,30
4058,1058,155,71
4059,1059,182,56
4060,1060,210,50
4061,1061,238,20
4062,1062,187,18
4063,1063,231,7
4064,1064,174,74
4065,1065,240,25
4066,1066,63,7
4067,1067,151,79
4068,1068,44,3
4069,1069,156,71
4070,1070,198,70
4071,1071,101,10
4072,1072,286,37
4073,1073,343,7
4074,1074,219,39
4075,1075,251,49
4076,1076,133,71
4077,1077,41,38
4078,1078,271,74
4079,1079,191,62
4080,1080,239,22
4081,1081,118,26
4082,1082,329,30
4083,1083,321,12
4084,1084,343,63
4085,1085,143,67
4086,1086,191,33
4087,1087,338,63
4088,1088,284,75
4089,1089,318,64
4090,1090,81,53
4091,1091,55,20
4092,1092,60,41
4093,1093,307,20
4094,1094,203,33
4095,1095,333,43
4096,1096,133,4
4097,1097,47,50
4098,1098,115,44
4099,1099,243,44
4100,1100,133,44
4101,1101,146,37
4102,1102,61,44
4103,1103,328,76
4104,1104,137,12
4105,1105,47,65
4106,1106,206,31
4107,1107,237,26
4108,1108,159,58
4109,1109,170,21
4110,1110,216,35
4111,1111,76,77
4112,1112,270,69
4113,1113,260,61
4114,1114,257,70
4115,1115,54,68
4116,1116,120,75
4117,1117,304,38
4118,1118,317,39
4119,1119,254,56
4120,1120,137,25
4121,1121,287,51
4122,1122,347,34
4123,1123,59,23
4124,1124,324,45
4125,1125,241,29
4126,1126,349,3
4127,1127,67,68
4128,1128,128,19
4129,1129,276,39
4130,1130,336,78
4131,1131,143,56
4132,1132,262,49
4133,1133,279,1
4134,1134,231,52
4135,1135,125,2
4136,1136,265,55
4137,1137,191,0
4138,1138,105,67
4139,1139,77,38
4140,1140,342,29
4141,1141,329,36
4142,1142,202,73
4143,1143,156,63
4144,1144,299,2
4145,1145,141,29
4146,1146,296,63
4147,1147,300,26
4148,1148,344,65
4149,1149,137,37
4150,1150,147,43
4151,1151,205,11
4152,1152,112,17
4153,1153,195,73
4154,1154,230,31
4155,1155,81,19
4156,1156,303,49
4157,1157,285,30
4158,1158,273,69
4159,1159,59,32
4160,1160,47,64
4161,1161,65,14
4162,1162,232,20
4163,1163,177,34
4164,1164,236,21
4165,1165,289,65
4166,1166,111,2
4167,1167,88,62
4168,1168,328,30
4169,1169,293,60
4170,1170,190,69
4171,1171,104,66
4172,1172,144,51
4173,1173,225,34
4174,1174,316,79
4175,1175,159,60
4176,1176,220,67
4177,1177,288,21
4178,1178,142,54
4179,1179,174,72
4180,1180,88,40
4181,1181,80,53
4182,1182,120,60
4183,1183,135,44
4184,1184,268,24
4185,1185,91,6
4186,1186,52,74
4187,1187,45,54
4188,1188,139,32
4189,1189,81,65
4190,1190,243,50
4191,1191,164,36
4192,1192,310,49
4193,1193,72,46
4194,1194,242,69
4195,1195,64,47
4196,1196,277,34
4197,1197,231,24
4198,1198,242,43
4199,1199,267,3
4200,1200,129,49
4201,1201,318,43
4202,1202,40,14
4203,1203,288,69
4204,1204,140,46
4205,1205,95,37
4206,1206,40,49
4207,1207,213,55
4208,1208,317,68
4209,1209,40,27
4210,1210,194,15
4211,1211,220,40
4212,1212,343,31
4213,1213,154,72
4214,1214,311,24
4215,1215,149,76
4216,1216,113,36
4217,1217,166,20
4218,1218,172,15
4219,1219,313,78
4220,1220,46,22
4221,1221,112,22
4222,1222,208,33
4223,1223,346,16
4224,1224,85,75
4225,1225,89,60
4226,1226,251,61
4227,1227,238,45
4228,1228,305,6
4229,1229,69,9
4230,1230,119,45
4231,1231,217,67
4232,1232,136,8
4233,1233,80,15
4234,1234,78,74
4235,1235,133,3
4236,1236,109,21
4237,1237,347,40
4238,1238,116,22
4239,1239,42,12
4240,1240,220,28
4241,1241,104,20
4242,1242,193,50
4243,1243,306,4
4244,1244,260,69
4245,1245,96,66
4246,1246,301,33
4247,1247,53,20
4248,1248,94,15
4249,1249,116,41
4250,1250,67,14
4251,1251,223,79
4252,1252,287,59
4253,1253,59,57
4254,1254,65,32
4255,1255,189,33
4256,1256,245,35
4257,1257,333,27
4258,1258,343,30
4259,1259,43,35
4260,1260,119,38
4261,1261,140,39
4262,1262,214,51
4263,1263,331,53
4264,1264,97,4
4265,1265,311,40
4266,1266,94,13
4267,1267,338,17
4268,1268,94,31
4269,1269,327,30
4270,1270,48,14
4271,1271,336,51
4272,1272,152,46
4273,1273,52,10
4274,1274,57,64
4275,1275,139,8
4276,1276,152,38
4277,1277,245,19
4278,1278,180,37
4279,1279,226,17
4280,1280,175,61
4281,1281,266,68
4282,1282,215,49
4283,1283,295,24
4284,1284,124,70
4285,1285,279,38
4286,1286,83,28
4287,1287,288,40
4288,1288,200,62
4289,1289,176,33
4290,1290,221,52
4291,1291,281,54
4292,1292,309,1
4293,1293,303,75
4294,1294,301,29
4295,1295,116,27
4296,1296,157,43
4297,1297,81,60
4298,1298,69,35
4299,1299,322,15
4300,1300,303,29
4301,1301,63,61
4302,1302,113,18
4303,1303,273,16
4304,1304,271,20
4305,1305,59,78
4306,1306,300,51
4307,1307,56,41
4308,1308,63,9
4309,1309,347,15
4310,1310,235,30
4311,1311,48,20
4312,1312,72,18
4313,1313,294,17
4314,1314,148,35
4315,1315,274,53
4316,1316,312,71
4317,1317,93,67
4318,1318,155,8
4319,1319,70,50
4320,1320,202,11
4321,1321,283,11
4322,1322,126,8
4323,1323,348,17
4324,1324,62,23
4325,1325,283,69
4326,1326,342,27
4327,1327,69,66
4328,1328,84,18
4329,1329,190,21
4330,1330,287,5
4331,1331,315,8
4332,1332,198,18
4333,1333,181,14
4334,1334,270,48
4335,1335,296,38
4336,1336,262,55
4337,1337,145,31
4338,1338,170,27
4339,1339,256,51
4340,1340,307,61
4341,1341,205,53
4342,1342,256,66
4343,1343,241,40
4344,1344,346,62
4345,1345,242,32
4346,1346,63,36
4347,1347,249,56
4348,1348,99,28
4349,1349,66,7
4350,1350,81,23
4351,1351,162,66
4352,1352,110,77
4353,1353,327,7
4354,1354,348,0
4355,1355,75,37
4356,1356,160,36
4357,1357,149,62
4358,1358,113,38
4359,1359,210,76
4360,1360,190,3
4361,1361,199,16
4362,1362,55,35
4363,1363,60,51
4364,1364,219,19
4365,1365,135,2
4366,1366,339,8
4367,1367,144,33
4368,1368,321,19
4369,1369,61,45
4370,1370,246,26
4371,1371,253,26
4372,1372,48,56
4373,1373,311,13
4374,1374,189,27
4375,1375,48,60
4376,1376,104,28
4377,1377,62,54
4378,1378,108,44
4379,1379,191,49
4380,1380,217,61
4381,1381,174,62
4382,1382,222,53
4383,1383,172,24
4384,1384,44,73
4385,1385,313,42
4386,1386,48,41
4387,1387,212,73
4388,1388,273,63
4389,1389,310,59
4390,1390,139,23
4391,1391,310,41
4392,1392,296,78
4393,1393,254,61
4394,1394,92,60
4395,1395,194,56
4396,1396,301,50
4397,1397,126,52
4398,1398,177,17
4399,1399,267,75
4400,1400,244,66
4401,1401,267,48
4402,1402,318,77
4403,1403,105,48
4404,1404,161,31
4405,1405,265,43
4406,1406,285,56
4407,1407,106,8
4408,1408,182,25
4409,1409,63,39
4410,1410,190,9
4411,1411,311,49
4412,1412,192,13
4413,1413,103,17
4414,1414,318,53
4415,1415,85,19
4416,1416,216,43
4417,1417,292,6
4418,1418,258,29
4419,1419,75,46
4420,1420,285,52
4421,1421,192,7
4422,1422,58,31
4423,1423,101,9
4424,1424,239,33
4425,1425,247,27
4426,1426,90,19
4427,1427,307,14
4428,1428,166,59
4429,1429,240,22
4430,1430,291,15
4431,1431,223,78
4432,1432,52,13
4433,1433,53,49
4434,1434,276,63
4435,1435,287,74
4436,1436,73,61
4437,1437,100,65
4438,1438,343,44
4439,1439,146,41
4440,1440,187,72
4441,1441,162,75
4442,1442,247,21
4443,1443,168,67
4444,1444,169,38
4445,1445,99,65
4446,1446,92,1
4447,1447,142,10
4448,1448,122,37
4449,1449,60,63
4450,1450,168,67
4451,1451,85,25
4452,1452,72,32
4453,1453,88,57
4454,1454,61,74
4455,1455,173,26
4456,1456,48,59
4457,1457,180,77
4458,1458,210,5
4459,1459,76,50
4460,1460,201,15
4461,1461,93,12
4462,1462,246,77
4463,1463,152,54
4464,1464,250,15
4465,1465,330,53
4466,1466,315,16
4467,1467,163,57
4468,1468,117,3
4469,1469,236,57
4470,1470,74,48
4471,1471,344,25
4472,1472,172,62
4473,1473,91,32
4474,1474,171,46
4475,1475,314,74
4476,1476,130,39
4477,1477,129,32
4478,1478,328,52
4479,1479,80,46
4480,1480,136,4
4481,1481,199,30
4482,1482,107,28
4483,1483,156,7
4484,1484,91,34
4485,1485,230,39
4486,1486,268,31
4487,1487,173,39
4488,1488,343,51
4489,1489,126,54
4490,1490,143,14
4491,1491,141,55
4492,1492,83,46
4493,1493,339,16
4494,1494,75,77
4495,1495,101,35
4496,1496,106,67
4497,1497,207,51
4498,1498,59,74
4499,1499,82,63
4500,1500,187,39
4501,1501,160,41
4502,1502,306,50
4503,1503,273,27
4504,1504,64,29
4505,1505,301,75
4506,1506,110,59
4507,1507,85,77
4508,1508,44,32
4509,1509,313,71
4510,1510,151,44
4511,1511,187,44
4512,1512,217,53
4513,1513,54,68
4514,1514,156,40
4515,1515,145,74
4516,1516,333,58
4517,1517,305,70
4518,1518,311,36
4519,1519,128,72
4520,1520,41,0
4521,1521,107,23
4522,1522,264,17
4523,1523,175,51
4524,1524,210,8
4525,1525,190,50
4526,1526,277,11
4527,1527,90,77
4528,1528,292,65
4529,1529,292,63
4530,1530,104,71
4531,1531,156,25
4532,1532,287,53
4533,1533,77,5
4534,1534,150,50
4535,1535,44,3
4536,1536,110,9
4537,1537,214,17
4538,1538,161,3
4539,1539,155,31
4540,1540,85,53
4541,1541,347,74
4542,1542,162,22
4543,1543,197,31
4544,1544,66,11
4545,1545,229,39
4546,1546,70,44
4547,1547,67,36
4548,1548,136,59
4549,1549,301,10
4550,1550,56,25
4551,1551,313,55
4552,1552,214,72
4553,1553,326,35
4554,1554,169,71
4555,1555,98,69
4556,1556,329,36
4557,1557,141,6
4558,1558,293,58
4559,1559,125,22
4560,1560,272,66
4561,1561,304,47
4562,1562,60,76
4563,1563,108,2
4564,1564,312,32
4565,1565,322,52
4566,1566,295,55
4567,1567,111,32
4568,1568,161,72
4569,1569,251,24
4570,1570,99,12
4571,1571,330,28
4572,1572,211,18
4573,1573,219,35
4574,1574,270,2
4575,1575,40,16
4576,1576,144,25
4577,1577,89,16
4578,1578,70,35
4579,1579,97,2
4580,1580,291,63
4581,1581,151,13
4582,1582,331,24
4583,1583,250,28
4584,1584,79,76
4585,1585,68,4
4586,1586,178,75
4587,1587,249,62
4588,1588,68,2
4589,1589,244,23
4590,1590,318,48
4591,1591,146,43
4592,1592,71,27
4593,1593,93,55
4594,1594,282,1
4595,1595,206,10
4596,1596,153,22
4597,1597,104,37
4598,1598,47,18
4599,1599,197,66
4600,1600,109,9
4601,1601,204,34
4602,1602,139,46
4603,1603,125,33
4604,1604,122,18
4605,1605,333,47
4606,1606,106,43
4607,1607,250,29
4608,1608,187,68
4609,1609,48,25
4610,1610,205,41
4611,1611,181,32
4612,1612,342,36
4613,1613,315,66
4614,1614,121,16
4615,1615,281,63
4616,1616,95,27
4617,1617,196,14
4618,1618,177,71
4619,1619,246,60
4620,1620,261,8
4621,1621,303,15
4622,1622,343,49
4623,1623,193,10
4624,1624,50,31
4625,1625,177,33
4626,1626,321,55
4627,1627,204,22
4628,1628,253,8
4629,1629,113,37
4630,1630,155,64
4631,1631,246,45
4632,1632,339,29
4633,1633,208,39
4634,1634,235,17
4635,1635,173,17
4636,1636,225,67
4637,1637,315,45
4638,1638,327,47
4639,1639,323,65
4640,1640,76,69
4641,1641,215,42
4642,1642,157,57
4643,1643,281,15
4644,1644,159,58
4645,1645,341,32
4646,1646,317,51
4647,1647,161,44
4648,1648,166,73
4649,1649,327,69
4650,1650,321,46
4651,1651,202,10
4652,1652,285,52
4653,1653,292,56
4654,1654,162,61
4655,1655,129,22
4656,1656,286,75
4657,1657,340,51
4658,1658,326,14
4659,1659,50,50
4660,1660,163,45
4661,1661,250,6
4662,1662,68,70
4663,1663,227,7
4664,1664,46,72
4665,1665,262,47
4666,1666,155,29
4667,1667,329,56
4668,1668,207,65
4669,1669,206,11
4670,1670,47,70
4671,1671,69,14
4672,1672,128,8
4673,1673,337,63
4674,1674,333,30
4675,1675,274,9
4676,1676,210,68
4677,1677,43,29
4678,1678,262,17
4679,1679,73,52
4680,1680,53,6
4681,1681,69,52
4682,1682,288,74
4683,1683,109,39
4684,1684,46,27
4685,1685,129,7
4686,1686,259,7
4687,1687,229,54
4688,1688,50,25
4689,1689,150,60
4690,1690,192,23
4691,1691,276,64
4692,1692,56,59
4693,1693,297,61
4694,1694,295,7
4695,1695,66,63
4696,1696,270,18
4697,1697,42,65
4698,1698,118,54
4699,1699,126,72
4700,1700,246,46
4701,1701,333,32
4702,1702,254,79
4703,1703,289,47
4704,1704,298,18
4705,1705,266,29
4706,1706,202,37
4707,1707,263,5
4708,1708,270,4
4709,1709,235,1
4710,1710,262,73
4711,1711,189,12
4712,1712,165,75
4713,1713,250,47
4714,1714,269,6
4715,1715,337,58
4716,1716,54,68
4717,1717,256,35
4718,1718,209,64
4719,1719,59,41
4720,1720,188,19
4721,1721,217,51
4722,1722,187,25
4723,1723,121,43
4724,1724,105,41
4725,1725,73,60
4726,1726,85,44
4727,1727,302,70
4728,1728,170,38
4729,1729,174,24
4730,1730,141,64
4731,1731,132,43
4732,1732,228,7
4733,1733,59,3
4734,1734,161,77
4735,1735,196,7
4736,1736,143,3
4737,1737,231,77
4738,1738,113,77
4739,1739,270,54
4740,1740,81,28
4741,1741,135,20
4742,1742,284,46
4743,1743,299,25
4744,1744,167,54
4745,1745,302,17
4746,1746,200,58
4747,1747,252,28
4748,1748,317,20
4749,1749,208,77
4750,1750,263,59
4751,1751,253,19
4752,1752,177,59
4753,1753,56,23
4754,1754,273,16
4755,1755,242,65
4756,1756,235,69
4757,1757,216,20
4758,1758,183,50
4759,1759,40,20
4760,1760,266,1
4761,1761,69,24
4762,1762,318,10
4763,1763,91,22
4764,1764,140,40
4765,1765,110,48
4766,1766,345,32
4767,1767,313,32
4768,1768,90,45
4769,1769,330,77
4770,1770,147,10
4771,1771,180,42
4772,1772,103,16
4773,1773,299,5
4774,1774,309,25
4775,1775,339,72
4776,1776,58,50
4777,1777,345,58
4778,1778,76,18
4779,1779,90,55
4780,1780,74,40
4781,1781,335,70
4782,1782,238,45
4783,1783,345,31
4784,1784,119,44
4785,1785,346,33
4786,1786,140,45
4787,1787,219,70
4788,1788,311,78
4789,1789,131,54
4790,1790,87,12
4791,1791,306,41
4792,1792,162,77
4793,1793,325,17
4794,1794,336,2
4795,1795,316,17
4796,1796,277,59
4797,1797,145,18
4798,1798,49,72
4799,1799,342,24
4800,1800,220,49
4801,1801,283,60
4802,1802,116,60
4803,1803,285,27
4804,1804,237,21
4805,1805,301,29
4806,1806,147,6
4807,1807,281,70
4808,1808,172,35
4809,1809,295,61
4810,1810,307,18
4811,1811,238,8
4812,1812,191,2
4813,1813,331,41
4814,1814,143,53
4815,1815,145,69
4816,1816,127,27
4817,1817,73,74
4818,1818,106,71
4819,1819,338,26
4820,1820,177,67
4821,1821,329,72
4822,1822,190,9
4823,1823,256,2
4824,1824,134,40
4825,1825,201,18
4826,1826,51,13
4827,1827,310,30
4828,1828,165,24
4829,1829,109,60
4830,1830,195,67
4831,1831,151,6
4832,1832,338,16
4833,1833,308,23
4834,1834,304,54
4835,1835,323,38
4836,1836,320,30
4837,1837,138,12
4838,1838,147,36
4839,1839,191,27
4840,1840,201,24
4841,1841,245,68
4842,1842,221,41
4843,1843,66,3
4844,1844,78,58
4845,1845,337,10
4846,1846,261,0
4847,1847,330,12
4848,1848,102,11
4849,1849,233,2
4850,1850,163,62
4851,1851,250,23
4852,1852,82,13
4853,1853,188,10
4854,1854,303,19
4855,1855,147,59
4856,1856,154,3
4857,1857,142,12
4858,1858,275,9
4859,1859,300,25
4860,1860,291,1
4861,1861,221,14
4862,1862,290,5
4863,1863,99,32
4864,1864,283,43
4865,1865,116,61
4866,1866,177,47
4867,1867,233,24
4868,1868,83,67
4869,1869,175,78
4870,1870,71,6
4871,1871,216,32
4872,1872,227,11
4873,1873,181,34
4874,1874,148,10
4875,1875,288,67
4876,1876,271,59
4877,1877,118,61
4878,1878,127,22
4879,1879,122,18
4880,1880,48,28
4881,1881,346,54
4882,1882,58,59
4883,1883,339,73
4884,1884,256,23
4885,1885,130,17
4886,1886,330,19
4887,1887,69,24
4888,1888,264,37
4889,1889,193,37
4890,1890,347,37
4891,1891,99,65
4892,1892,72,31
4893,1893,163,29
4894,1894,110,78
4895,1895,286,0
4896,1896,57,26
4897,1897,139,76
4898,1898,148,11
4899,1899,81,48
4900,1900,160,31
4901,1901,159,7
4902,1902,299,62
4903,1903,119,18
4904,1904,284,4
4905,1905,323,46
4906,1906,201,9
4907,1907,60,79
4908,1908,244,79
4909,1909,174,62
4910,1910,65,6
4911,1911,57,71
4912,1912,137,45
4913,1913,146,52
4914,1914,324,16
4915,1915,285,35
4916,1916,334,64
4917,1917,305,26
4918,1918,120,56
4919,1919,97,14
4920,1920,309,2
4921,1921,204,45
4922,1922,200,79
4923,1923,149,75
4924,1924,237,74
4925,1925,313,63
4926,1926,252,4
4927,1927,171,76
4928,1928,74,62
4929,1929,68,59
4930,1930,80,30
4931,1931,84,48
4932,1932,82,42
4933,1933,303,55
4934,1934,288,69
4935,1935,192,61
4936,1936,306,54
4937,1937,83,26
4938,1938,279,4
4939,1939,196,52
4940,1940,190,53
4941,1941,159,39
4942,1942,210,77
4943,1943,47,44
4944,1944,153,25
4945,1945,346,38
4946,1946,64,32
4947,1947,77,0
4948,1948,86,73
4949,1949,180,21
4950,1950,278,50
4951,1951,150,34
4952,1952,231,24
4953,1953,92,36
4954,1954,340,13
4955,1955,243,57
4956,1956,273,47
4957,1957,40,33
4958,1958,117,16
4959,1959,78,50
4960,1960,184,15
4961,1961,227,68
4962,1962,161,47
4963,1963,114,9
4964,1964,229,66
4965,1965,246,5
4966,1966,194,31
4967,1967,98,74
4968,1968,135,5
4969,1969,57,66
4970,1970,345,16
4971,1971,111,68
4972,1972,202,30
4973,1973,347,24
4974,1974,196,75
4975,1975,236,31
4976,1976,258,63
4977,1977,76,0
4978,1978,40,65
4979,1979,288,56
4980,1980,142,25
4981,1981,78,73
4982,1982,219,32
4983,1983,48,56
4984,1984,110,37
4985,1985,64,17
4986,1986,249,9
4987,1987,102,4
4988,1988,135,7
4989,1989,195,0
4990,1990,208,39
4991,1991,142,42
4992,1992,55,31
4993,1993,141,54
4994,1994,269,18
4995,1995,130,59
4996,1996,207,52
4997,1997,149,74
4998,1998,266,71
4999,1999,265,12
5000,2000,301,76
5001,2001,274,67
5002,2002,331,35
5003,2003,278,78
5004,2004,213,25
5005,2005,95,62
5006,2006,248,58
5007,2007,315,44
5008,2008,298,14
5009,2009,233,14
5010,2010,168,30
5011,2011,304,68
5012,2012,57,26
5013,2013,59,20
5014,2014,343,42
5015,2015,225,47
5016,2016,222,24
5017,2017,74,26
5018,2018,108,65
5019,2019,121,12
5020,2020,160,12
5021,2021,112,37
5022,2022,237,50
5023,2023,66,74
5024,2024,126,52
5025,2025,163,29
5026,2026,153,67
5027,2027,105,38
5028,2028,290,50
5029,2029,158,18
5030,2030,260,35
5031,2031,248,71
5032,2032,88,35
5033,2033,286,5
5034,2034,269,54
5035,2035,94,44
5036,2036,314,28
5037,2037,114,31
5038,2038,135,40
5039,2039,328,40
5040,2040,55,73
5041,2041,68,12
5042,2042,309,10
5043,2043,182,74
5044,2044,148,4
5045,2045,175,47
5046,2046,197,41
5047,2047,106,28
5048,2048,262,27
5049,2049,341,59
5050,2050,263,40
5051,2051,50,40
5052,2052,325,77
5053,2053,64,32
5054,2054,79,64
5055,2055,261,30
5056,2056,175,77
5057,2057,276,56
5058,2058,321,79
5059,2059,252,55
5060,2060,330,56
5061,2061,143,44
5062,2062,172,76
5063,2063,239,79
5064,2064,325,76
5065,2065,47,74
5066,2066,255,2
5067,2067,299,35
5068,2068,229,63
5069,2069,239,78
5070,2070,62,23
5071,2071,132,18
5072,2072,349,63
5073,2073,157,4
5074,2074,185,51
5075,2075,206,67
5076,2076,104,67
5077,2077,237,37
5078,2078,47,3
5079,2079,223,53
5080,2080,344,45
5081,2081,291,28
5082,2082,247,45
5083,2083,213,35
5084,2084,158,45
5085,2085,124,57
5086,2086,166,20
5087,2087,163,35
5088,2088,136,69
5089,2089,162,76
5090,2090,91,51
5091,2091,332,6
5092,2092,94,47
5093,2093,191,18
5094,2094,118,27
5095,2095,165,58
5096,2096,295,7
5097,2097,237,60
5098,2098,160,45
5099,2099,310,38
5100,2100,196,71
5101,2101,129,2
5102,2102,292,78
5103,2103,167,28
5104,2104,213,58
5105,2105,165,18
5106,2106,106,29
5107,2107,197,39
5108,2108,227,74
5109,2109,166,33
5110,2110,84,8
5111,2111,58,23
5112,2112,170,33
5113,2113,120,32
5114,2114,240,69
5115,2115,43,20
5116,2116,175,59
5117,2117,140,18
5118,2118,47,31
5119,2119,281,63
5120,2120,186,62
5121,2121,137,11
5122,2122,165,51
5123,2123,222,64
5124,2124,214,32
5125,2125,213,56
5126,2126,133,66
5127,2127,150,34
5128,2128,313,24
5129,2129,291,45
5130,2130,167,11
5131,2131,131,65
5132,2132,57,74
5133,2133,254,67
5134,2134,293,37
5135,2135,163,45
5136,2136,75,9
5137,2137,42,25
5138,2138,148,36
5139,2139,222,21
5140,2140,121,18
5141,2141,208,68
5142,2142,106,77
5143,2143,54,12
5144,2144,246,60
5145,2145,286,70
5146,2146,264,49
5147,2147,155,38
5148,2148,148,62
5149,2149,62,32
5150,2150,82,14
5151,2151,189,68
5152,2152,245,40
5153,2153,141,62
5154,2154,294,79
5155,2155,202,66
5156,2156,135,11
5157,2157,281,63
5158,2158,150,61
5159,2159,219,60
5160,2160,336,74
5161,2161,347,22
5162,2162,101,77
5163,2163,180,75
5164,2164,349,34
5165,2165,317,43
5166,2166,65,31
5167,2167,306,7
5168,2168,347,60
5169,2169,212,14
5170,2170,343,51
5171,2171,46,44
5172,2172,195,51
5173,2173,198,27
5174,2174,338,15
5175,2175,121,10
5176,2176,114,44
5177,2177,258,52
5178,2178,93,14
5179,2179,330,42
5180,2180,246,32
5181,2181,106,47
5182,2182,69,34
5183,2183,318,76
5184,2184,265,72
5185,2185,202,76
5186,2186,92,53
5187,2187,128,26
5188,2188,60,73
5189,2189,144,78
5190,2190,160,58
5191,2191,319,5
5192,2192,78,2
5193,2193,259,49
5194,2194,309,66
5195,2195,221,2
5196,2196,131,66
5197,2197,192,54
5198,2198,122,48
5199,2199,163,4
5200,2200,334,24
5201,2201,186,13
5202,2202,85,54
5203,2203,110,51
5204,2204,144,37
5205,2205,61,9
5206,2206,178,65
5207,2207,152,47
5208,2208,191,70
5209,2209,286,36
5210,2210,53,73
5211,2211,311,39
5212,2212,245,18
5213,2213,127,62
5214,2214,327,16
5215,2215,251,37
5216,2216,261,7
5217,2217,136,46
5218,2218,74,28
5219,2219,248,19
5220,2220,77,10
5221,2221,282,42
5222,2222,158,35
5223,2223,211,76
5224,2224,43,4
5225,2225,199,72
5226,2226,301,64
5227,2227,70,26
5228,2228,348,9
5229,2229,344,33
5230,2230,128,2
5231,2231,311,23
5232,2232,279,69
5233,2233,101,9
5234,2234,126,37
5235,2235,171,24
5236,2236,221,37
5237,2237,275,36
5238,2238,200,68
5239,2239,333,33
5240,2240,106,48
5241,2241,144,37
5242,2242,161,33
5243,2243,109,34
5244,2244,122,4
5245,2245,80,6
5246,2246,219,8
5247,2247,247,51
5248,2248,318,31
5249,2249,288,12
5250,2250,237,34
5251,2251,313,79
5252,2252,138,9
5253,2253,259,39
5254,2254,170,58
5255,2255,336,63
5256,2256,157,27
5257,2257,318,16
5258,2258,250,4
5259,2259,43,23
5260,2260,175,79
5261,2261,43,54
5262,2262,346,47
5263,2263,184,37
5264,2264,235,31
5265,2265,315,4
5266,2266,57,4
5267,2267,138,1
5268,2268,235,2
5269,2269,312,65
5270,2270,56,20
5271,2271,337,45
5272,2272,109,4
5273,2273,239,15
5274,2274,193,19
5275,2275,230,21
5276,2276,47,9
5277,2277,115,17
5278,2278,286,41
5279,2279,68,8
5280,2280,299,35
5281,2281,217,67
5282,2282,348,12
5283,2283,175,63
5284,2284,59,54
5285,2285,244,50
5286,2286,134,61
5287,2287,273,66
5288,2288,235,40
5289,2289,141,48
5290,2290,223,49
5291,2291,191,4
5292,2292,235,71
5293,2293,41,34
5294,2294,77,48
5295,2295,73,4
5296,2296,107,44
5297,2297,298,1
5298,2298,273,21
5299,2299,54,39
5300,2300,295,10
5301,2301,329,62
5302,2302,100,49
5303,2303,128,56
5304,2304,40,19
5305,2305,255,52
5306,2306,69,40
5307,2307,332,77
5308,2308,181,18
5309,2309,244,61
5310,2310,109,50
5311,2311,231,49
5312,2312,311,60
5313,2313,253,65
5314,2314,48,74
5315,2315,44,48
5316,2316,69,53
5317,2317,139,67
5318,2318,302,77
5319,2319,116,26
5320,2320,101,3
5321,2321,234,62
5322,2322,97,79
5323,2323,234,54
5324,2324,58,78
5325,2325,308,21
5326,2326,218,59
5327,2327,104,58
5328,2328,281,64
5329,2329,344,79
5330,2330,314,62
5331,2331,264,24
5332,2332,331,69
5333,2333,197,71
5334,2334,81,36
5335,2335,190,0
5336,2336,327,19
5337,2337,186,64
5338,2338,320,18
5339,2339,180,41
5340,2340,73,34
5341,2341,48,15
5342,2342,127,6
5343,2343,346,25
5344,2344,323,50
5345,2345,303,16
5346,2346,134,1
5347,2347,69,63
5348,2348,233,46
5349,2349,212,54
5350,2350,330,23
5351,2351,322,75
5352,2352,54,78
5353,2353,305,13
5354,2354,261,69
5355,2355,57,7
5356,2356,242,14
5357,2357,306,54
5358,2358,287,38
5359,2359,313,2
5360,2360,287,33
5361,2361,334,47
5362,2362,289,76
5363,2363,107,16
5364,2364,58,63
5365,2365,96,62
5366,2366,169,43
5367,2367,120,35
5368,2368,347,2
5369,2369,262,29
5370,2370,94,63
5371,2371,260,46
5372,2372,62,43
5373,2373,345,24
5374,2374,265,53
5375,2375,67,22
5376,2376,217,12
5377,2377,181,64
5378,2378,308,65
5379,2379,339,78
5380,2380,58,55
5381,2381,140,78
5382,2382,144,10
5383,2383,314,27
5384,2384,203,22
5385,2385,151,31
5386,2386,307,2
5387,2387,245,64
5388,2388,97,25
5389,2389,201,24
5390,2390,246,75
5391,2391,59,6
5392,2392,140,66
5393,2393,42,8
5394,2394,52,57
5395,2395,76,37
5396,2396,271,63
5397,2397,170,36
5398,2398,50,13
5399,2399,84,60
5400,2400,153,36
5401,2401,272,28
5402,2402,285,22
5403,2403,223,2
5404,2404,177,31
5405,2405,272,54
5406,2406,46,46
5407,2407,176,72
5408,2408,182,0
5409,2409,220,10
5410,2410,58,18
5411,2411,173,70
5412,2412,250,47
5413,2413,63,50
5414,2414,99,42
5415,2415,343,42
5416,2416,227,15
5417,2417,175,15
5418,2418,139,75
5419,2419,192,38
5420,2420,196,34
5421,2421,152,26
5422,2422,308,20
5423,2423,55,61
5424,2424,309,13
5425,2425,282,69
5426,2426,119,24
5427,2427,305,19
5428,2428,310,23
5429,2429,123,13
5430,2430,307,29
5431,2431,55,65
5432,2432,153,0
5433,2433,188,52
5434,2434,112,24
5435,2435,250,64
5436,2436,281,76
5437,2437,219,41
5438,2438,332,21
5439,2439,219,56
5440,2440,176,58
5441,2441,240,29
5442,2442,302,56
5443,2443,177,36
5444,2444,222,28
5445,2445,47,33
5446,2446,256,52
5447,2447,138,68
5448,2448,330,27
5449,2449,306,36
5450,2450,74,4
5451,2451,165,31
5452,2452,83,75
5453,2453,158,20
5454,2454,68,18
5455,2455,48,51
5456,2456,106,54
5457,2457,336,69
5458,2458,298,5
5459,2459,116,52
5460,2460,131,28
5461,2461,73,4
5462,2462,319,9
5463,2463,181,3
5464,2464,332,64
5465,2465,115,21
5466,2466,177,65
5467,2467,316,32
5468,2468,308,3
5469,2469,122,14
5470,2470,57,37
5471,2471,165,2
5472,2472,248,36
5473,2473,326,77
5474,2474,42,32
5475,2475,58,25
5476,2476,312,78
5477,2477,312,55
5478,2478,124,36
5479,2479,111,13
5480,2480,58,60
5481,2481,79,15
5482,2482,100,71
5483,2483,276,27
5484,2484,222,78
5485,2485,206,27
5486,2486,265,2
5487,2487,187,78
5488,2488,272,29
5489,2489,143,49
5490,2490,102,32
5491,2491,164,49
5492,2492,149,39
5493,2493,78,30
5494,2494,348,13
5495,2495,304,23
5496,2496,229,73
5497,2497,141,7
5498,2498,84,70
5499,2499,301,3
5500,2500,345,17
5501,2501,263,56
5502,2502,282,26
5503,2503,111,54
5504,2504,247,70
5505,2505,213,32
5506,2506,287,49
5507,2507,97,11
5508,2508,149,18
5509,2509,310,77
5510,2510,150,62
5511,2511,148,69
5512,2512,105,76
5513,2513,252,76
5514,2514,288,13
5515,2515,89,54
5516,2516,239,66
5517,2517,63,44
5518,2518,232,35
5519,2519,315,6
5520,2520,225,17
5521,2521,268,47
5522,2522,318,74
5523,2523,114,72
5524,2524,309,59
5525,2525,274,61
5526,2526,50,4
5527,2527,188,28
5528,2528,208,46
5529,2529,313,34
5530,2530,318,7
5531,2531,292,57
5532,2532,115,79
5533,2533,175,50
5534,2534,154,10
5535,2535,71,32
5536,2536,246,14
5537,2537,57,52
5538,2538,336,6
5539,2539,285,21
5540,2540,231,35
5541,2541,190,44
5542,2542,40,68
5543,2543,127,28
5544,2544,175,36
5545,2545,143,56
5546,2546,72,40
5547,2547,199,48
5548,2548,290,33
5549,2549,115,17
5550,2550,195,22
5551,2551,247,14
5552,2552,143,45
5553,2553,111,17
5554,2554,86,70
5555,2555,64,47
5556,2556,302,10
5557,2557,331,68
5558,2558,307,9
5559,2559,343,78
5560,2560,134,14
5561,2561,206,40
5562,2562,55,28
5563,2563,48,29
5564,2564,235,55
5565,2565,80,48
5566,2566,131,44
5567,2567,319,52
5568,2568,60,59
5569,2569,332,71
5570,2570,306,12
5571,2571,183,42
5572,2572,107,43
5573,2573,299,67
5574,2574,97,49
5575,2575,85,77
5576,2576,115,60
5577,2577,123,1
5578,2578,297,23
5579,2579,249,53
5580,2580,73,39
5581,2581,172,8
5582,2582,211,27
5583,2583,79,22
5584,2584,212,10
5585,2585,203,42
5586,2586,252,71
5587,2587,118,10
5588,2588,262,25
5589,2589,157,16
5590,2590,229,5
5591,2591,265,79
5592,2592,240,75
5593,2593,121,45
5594,2594,176,68
5595,2595,298,16
5596,2596,188,34
5597,2597,172,26
5598,2598,211,38
5599,2599,307,9
5600,2600,347,74
5601,2601,93,33
5602,2602,46,24
5603,2603,177,56
5604,2604,195,28
5605,2605,53,70
5606,2606,304,68
5607,2607,312,75
5608,2608,299,39
5609,2609,178,70
5610,2610,298,79
5611,2611,341,55
5612,2612,136,51
5613,2613,90,62
5614,2614,348,3
5615,2615,343,34
5616,2616,194,76
5617,2617,102,28
5618,2618,302,1
5619,2619,204,16
5620,2620,237,37
5621,2621,336,69
5622,2622,249,75
5623,2623,215,18
5624,2624,257,59
5625,2625,195,24
5626,2626,99,77
5627,2627,69,6
5628,2628,227,26
5629,2629,218,17
5630,2630,321,12
5631,2631,101,15
5632,2632,114,35
5633,2633,276,64
5634,2634,237,48
5635,2635,227,62
5636,2636,104,35
5637,2637,182,23
5638,2638,177,71
5639,2639,51,76
5640,2640,324,55
5641,2641,149,58
5642,2642,209,6
5643,2643,205,6
5644,2644,286,79
5645,2645,316,17
5646,2646,133,38
5647,2647,47,9
5648,2648,185,44
5649,2649,254,19
5650,2650,211,12
5651,2651,142,32
5652,2652,98,75
5653,2653,305,13
5654,2654,251,14
5655,2655,201,41
5656,2656,254,21
5657,2657,252,37
5658,2658,228,54
5659,2659,70,58
5660,2660,144,4
5661,2661,331,15
5662,2662,304,0
5663,2663,112,5
5664,2664,348,18
5665,2665,93,31
5666,2666,74,23
5667,2667,291,2
5668,2668,194,47
5669,2669,199,74
5670,2670,250,69
5671,2671,162,34
5672,2672,307,28
5673,2673,147,27
5674,2674,276,45
5675,2675,222,74
5676,2676,152,15
5677,2677,296,5
5678,2678,95,17
5679,2679,57,34
5680,2680,203,53
5681,2681,319,66
5682,2682,337,35
5683,2683,318,9
5684,2684,132,6
5685,2685,216,76
5686,2686,115,75
5687,2687,257,35
5688,2688,142,61
5689,2689,77,8
5690,2690,260,44
5691,2691,117,77
5692,2692,212,33
5693,2693,101,46
5694,2694,162,79
5695,2695,331,36
5696,2696,176,70
5697,2697,156,48
5698,2698,63,19
5699,2699,211,33
5700,2700,107,27
5701,2701,122,23
5702,2702,220,28
5703,2703,226,30
5704,2704,98,60
5705,2705,226,51
5706,2706,158,55
5707,2707,293,60
5708,2708,91,3
5709,2709,240,18
5710,2710,210,77
5711,2711,271,10
5712,2712,229,50
5713,2713,114,75
5714,2714,192,22
5715,2715,264,35
5716,2716,66,51
5717,2717,56,13
5718,2718,157,57
5719,2719,321,65
5720,2720,315,73
5721,2721,147,45
5722,2722,63,56
5723,2723,124,64
5724,2724,146,79
5725,2725,192,28
5726,2726,178,23
5727,2727,98,15
5728,2728,164,11
5729,2729,223,13
5730,2730,247,30
5731,2731,256,45
5732,2732,262,51
5733,2733,137,55
5734,2734,239,68
5735,2735,234,38
5736,2736,274,27
5737,2737,142,45
5738,2738,292,53
5739,2739,209,45
5740,2740,141,29
5741,2741,244,33
5742,2742,243,9
5743,2743,82,17
5744,2744,172,46
5745,2745,61,70
5746,2746,100,70
5747,2747,44,6
5748,2748,260,50
5749,2749,95,19
5750,2750,44,32
5751,2751,151,19
5752,2752,263,40
5753,2753,331,45
5754,2754,210,75
5755,2755,346,27
5756,2756,272,66
5757,2757,213,1
5758,2758,273,58
5759,2759,342,52
5760,2760,75,32
5761,2761,99,48
5762,2762,121,78
5763,2763,175,43
5764,2764,94,44
5765,2765,97,54
5766,2766,73,16
5767,2767,94,41
5768,2768,41,76
5769,2769,129,66
5770,2770,57,7
5771,2771,284,56
5772,2772,210,11
5773,2773,279,24
5774,2774,265,70
5775,2775,203,53
5776,2776,179,68
5777,2777,169,31
5778,2778,239,60
5779,2779,155,76
5780,2780,309,74
5781,2781,260,22
5782,2782,177,46
5783,2783,209,28
5784,2784,131,75
5785,2785,116,52
5786,2786,345,21
5787,2787,122,59
5788,2788,212,24
5789,2789,98,68
5790,2790,50,50
5791,2791,112,67
5792,2792,347,34
5793,2793,130,26
5794,2794,182,34
5795,2795,210,21
5796,2796,309,4
5797,2797,44,31
5798,2798,46,13
5799,2799,150,38
5800,2800,270,76
5801,2801,200,37
5802,2802,274,26
5803,2803,286,41
5804,2804,146,52
5805,2805,138,22
5806,2806,241,17
5807,2807,344,11
5808,2808,134,18
5809,2809,156,4
5810,2810,61,49
5811,2811,115,37
5812,2812,223,39
5813,2813,80,58
5814,2814,320,35
5815,2815,313,28
5816,2816,248,41
5817,2817,260,12
5818,2818,168,74
5819,2819,240,49
5820,2820,157,63
5821,2821,305,62
5822,2822,171,68
5823,2823,193,47
5824,2824,159,6
5825,2825,306,78
5826,2826,151,69
5827,2827,253,67
5828,2828,98,50
5829,2829,142,35
5830,2830,122,55
5831,2831,195,72
5832,2832,256,4
5833,2833,130,79
5834,2834,129,0
5835,2835,187,68
5836,2836,196,14
5837,2837,315,72
5838,2838,289,75
5839,2839,236,42
5840,2840,255,17
5841,2841,179,53
5842,2842,344,13
5843,2843,275,29
5844,2844,82,20
5845,2845,99,74
5846,2846,329,17
5847,2847,239,58
5848,2848,330,18
5849,2849,153,68
5850,2850,323,17
5851,2851,272,59
5852,2852,120,24
5853,2853,54,46
5854,2854,116,45
5855,2855,169,38
5856,2856,211,44
5857,2857,290,10
5858,2858,71,23
5859,2859,52,66
5860,2860,175,65
5861,2861,329,6
5862,2862,139,30
5863,2863,229,61
5864,2864,149,54
5865,2865,144,52
5866,2866,168,3
5867,2867,195,76
5868,2868,111,39
5869,2869,96,66
5870,2870,303,66
5871,2871,336,8
5872,2872,266,49
5873,2873,175,15
5874,2874,91,75
5875,2875,246,53
5876,2876,68,9
5877,2877,157,13
5878,2878,65,74
5879,2879,205,5
5880,2880,275,55
5881,2881,95,4
5882,2882,266,41
5883,2883,101,26
5884,2884,60,22
5885,2885,200,28
5886,2886,181,16
5887,2887,298,20
5888,2888,67,44
5889,2889,274,51
5890,2890,299,33
5891,2891,100,3
5892,2892,151,51
5893,2893,230,26
5894,2894,291,41
5895,2895,253,3
5896,2896,148,39
5897,2897,241,41
5898,2898,181,70
5899,2899,148,41
5900,2900,100,39
5901,2901,146,61
5902,2902,63,24
5903,2903,271,52
5904,2904,257,55
5905,2905,176,18
5906,2906,136,70
5907,2907,189,48
5908,2908,249,8
5909,2909,89,44
5910,2910,305,58
5911,2911,319,44
5912,2912,137,73
5913,2913,346,41
5914,2914,100,52
5915,2915,256,11
5916,2916,42,19
5917,2917,305,77
5918,2918,139,71
5919,2919,207,76
5920,2920,309,27
5921,2921,153,51
5922,2922,48,60
5923,2923,167,56
5924,2924,299,58
5925,2925,344,22
5926,2926,137,12
5927,2927,144,66
5928,2928,47,16
5929,2929,256,37
5930,2930,220,45
5931,2931,57,61
5932,2932,122,52
5933,2933,125,31
5934,2934,143,61
5935,2935,130,62
5936,2936,155,1
5937,2937,47,12
5938,2938,282,41
5939,2939,134,53
5940,2940,163,13
5941,2941,140,4
5942,2942,334,9
5943,2943,127,9
5944,2944,324,9
5945,2945,278,65
5946,2946,308,2
5947,2947,102,13
5948,2948,119,68
5949,2949,280,68
5950,2950,146,49
5951,2951,114,16
5952,2952,86,66
5953,2953,340,11
5954,2954,92,70
5955,2955,145,66
5956,2956,94,4
5957,2957,197,53
5958,2958,120,77
5959,2959,246,0
5960,2960,190,28
5961,2961,60,39
5962,2962,74,45
5963,2963,201,32
5964,2964,303,42
5965,2965,257,43
5966,2966,219,54
5967,2967,279,41
5968,2968,335,58
5969,2969,159,12
5970,2970,127,75
5971,2971,300,12
5972,2972,181,9
5973,2973,346,32
5974,2974,189,19
5975,2975,311,39
5976,2976,327,3
5977,2977,225,56
5978,2978,231,24
5979,2979,217,59
5980,2980,99,9
5981,2981,279,47
5982,2982,179,0
5983,2983,84,56
5984,2984,271,63
5985,2985,242,43
5986,2986,184,43
5987,2987,289,10
5988,2988,161,77
5989,2989,44,26
5990,2990,122,16
5991,2991,310,21
5992,2992,287,48
5993,2993,67,36
5994,2994,268,79
5995,2995,49,58
5996,2996,345,43
5997,2997,132,15
5998,2998,129,54
5999,2999,229,76
6000,3000,96,59
6001,3001,319,32
6002,3002,247,65
6003,3003,228,61
6004,3004,261,68
6005,3005,320,31
6006,3006,242,53
6007,3007,195,77
6008,3008,250,3
6009,3009,196,42
6010,3010,41,44
6011,3011,274,78
6012,3012,226,13
6013,3013,112,2
6014,3014,136,19
6015,3015,242,4
6016,3016,257,20
6017,3017,330,64
6018,3018,201,56
6019,3019,41,60
6020,3020,241,15
6021,3021,112,73
6022,3022,232,27
6023,3023,197,36
6024,3024,142,56
6025,3025,336,75
6026,3026,280,52
6027,3027,297,1
6028,3028,289,4
6029,3029,278,60
6030,3030,240,71
6031,3031,129,13
6032,3032,223,60
6033,3033,274,38
6034,3034,235,70
6035,3035,325,53
6036,3036,237,44
6037,3037,199,30
6038,3038,332,50
6039,3039,208,32
6040,3040,184,21
6041,3041,196,59
6042,3042,300,37
6043,3043,271,68
6044,3044,149,24
6045,3045,48,29
6046,3046,317,36
6047,3047,215,49
6048,3048,333,39
6049,3049,92,29
6050,3050,301,44
6051,3051,184,72
6052,3052,152,18
6053,3053,293,73
6054,3054,139,32
6055,3055,292,15
6056,3056,147,69
6057,3057,70,59
6058,3058,79,20
6059,3059,75,41
6060,3060,187,0
6061,3061,60,36
6062,3062,322,6
6063,3063,169,30
6064,3064,102,36
6065,3065,93,63
6066,3066,334,24
6067,3067,190,0
6068,3068,298,41
6069,3069,88,53
6070,3070,200,42
6071,3071,344,69
6072,3072,183,66
6073,3073,113,38
6074,3074,166,4
6075,3075,308,58
6076,3076,127,26
6077,3077,322,72
6078,3078,73,47
6079,3079,302,4
6080,3080,229,24
6081,3081,319,4
6082,3082,48,36
6083,3083,196,42
6084,3084,229,54
6085,3085,240,29
6086,3086,225,14
6087,3087,160,41
6088,3088,158,49
6089,3089,274,36
6090,3090,200,7
6091,3091,333,51
6092,3092,206,31
6093,3093,326,65
6094,3094,129,11
6095,3095,321,75
6096,3096,210,16
6097,3097,337,27
6098,3098,203,58
6099,3099,114,8
6100,3100,142,54
6101,3101,83,63
6102,3102,339,55
6103,3103,153,25
6104,3104,80,36
6105,3105,146,30
6106,3106,149,41
6107,3107,175,48
6108,3108,196,2
6109,3109,49,39
6110,3110,64,0
6111,3111,194,11
6112,3112,259,36
6113,3113,303,9
6114,3114,178,40
6115,3115,124,57
6116,3116,267,0
6117,3117,281,7
6118,3118,48,42
6119,3119,218,65
6120,3120,303,78
6121,3121,348,5
6122,3122,179,66
6123,3123,134,0
6124,3124,228,61
6125,3125,254,29
6126,3126,189,16
6127,3127,136,25
6128,3128,45,8
6129,3129,299,61
6130,3130,249,21
6131,3131,244,2
6132,3132,263,30
6133,3133,170,49
6134,3134,99,58
6135,3135,125,34
6136,3136,77,60
6137,3137,66,8
6138,3138,269,54
6139,3139,93,39
6140,3140,64,55
6141,3141,303,64
6142,3142,236,26
6143,3143,269,7
6144,3144,317,7
6145,3145,233,18
6146,3146,236,70
6147,3147,90,21
6148,3148,74,31
6149,3149,85,35
6150,3150,201,26
6151,3151,102,3
6152,3152,87,18
6153,3153,127,0
6154,3154,91,57
6155,3155,60,32
6156,3156,92,14
6157,3157,327,29
6158,3158,203,73
6159,3159,152,7
6160,3160,136,40
6161,3161,342,43
6162,3162,46,22
6163,3163,73,32
6164,3164,286,31
6165,3165,134,6
6166,3166,321,51
6167,3167,114,33
6168,3168,145,4
6169,3169,341,6
6170,3170,270,15
6171,3171,83,64
6172,3172,138,21
6173,3173,90,71
6174,3174,205,33
6175,3175,258,30
6176,3176,342,19
6177,3177,142,64
6178,3178,267,36
6179,3179,83,18
6180,3180,217,4
6181,3181,154,26
6182,3182,186,34
6183,3183,142,38
6184,3184,144,46
6185,3185,117,31
6186,3186,277,62
6187,3187,237,34
6188,3188,347,42
6189,3189,55,12
6190,3190,183,53
6191,3191,250,11
6192,3192,323,58
6193,3193,44,20
6194,3194,157,62
6195,3195,106,68
6196,3196,83,11
6197,3197,345,32
6198,3198,191,62
6199,3199,95,51
6200,3200,197,44
6201,3201,326,29
6202,3202,91,8
6203,3203,66,35
6204,3204,202,53
6205,3205,348,42
6206,3206,271,46
6207,3207,98,78
6208,3208,125,68
6209,3209,161,11
6210,3210,133,46
6211,3211,215,65
6212,3212,156,74
6213,3213,245,54
6214,3214,260,7
6215,3215,190,72
6216,3216,204,0
6217,3217,49,29
6218,3218,262,34
6219,3219,136,12
6220,3220,196,31
6221,3221,123,79
6222,3222,49,70
6223,3223,311,23
6224,3224,50,58
6225,3225,76,13
6226,3226,66,24
6227,3227,61,21
6228,3228,234,67
6229,3229,135,67
6230,3230,211,77
6231,3231,47,15
6232,3232,102,2
6233,3233,254,67
6234,3234,236,62
6235,3235,305,63
6236,3236,77,58
6237,3237,244,23
6238,3238,111,43
6239,3239,265,44
6240,3240,51,42
6241,3241,202,71
6242,3242,287,21
6243,3243,90,29
6244,3244,333,25
6245,3245,279,3
6246,3246,129,51
6247,3247,154,25
6248,3248,262,58
6249,3249,284,59
6250,3250,279,0
6251,3251,107,40
6252,3252,304,34
6253,3253,86,23
6254,3254,232,40
6255,3255,161,4
6256,3256,79,55
6257,3257,301,79
6258,3258,349,79
6259,3259,258,15
6260,3260,119,75
6261,3261,164,11
6262,3262,254,49
6263,3263,251,63
6264,3264,166,23
6265,3265,233,13
6266,3266,156,66
6267,3267,74,71
6268,3268,324,40
6269,3269,106,72
6270,3270,140,39
6271,3271,110,26
6272,3272,65,2
6273,3273,247,74
6274,3274,106,73
6275,3275,129,66
6276,3276,113,37
6277,3277,258,44
6278,3278,153,37
6279,3279,42,26
6280,3280,244,40
6281,3281,197,69
6282,3282,143,74
6283,3283,241,28
6284,3284,86,53
6285,3285,221,56
6286,3286,86,46
6287,3287,48,69
6288,3288,162,67
6289,3289,294,33
6290,3290,133,32
6291,3291,301,47
6292,3292,342,73
6293,3293,256,46
6294,3294,157,77
6295,3295,137,5
6296,3296,179,58
6297,3297,206,46
6298,3298,55,54
6299,3299,185,58
6300,3300,252,32
6301,3301,160,0
6302,3302,321,47
6303,3303,109,61
6304,3304,321,17
6305,3305,169,54
6306,3306,160,14
6307,3307,148,5
6308,3308,138,33
6309,3309,183,31
6310,3310,202,32
6311,3311,142,61
6312,3312,317,8
6313,3313,286,27
6314,3314,286,46
6315,3315,198,16
6316,3316,235,27
6317,3317,278,78
6318,3318,72,67
6319,3319,202,5
6320,3320,73,25
6321,3321,252,13
6322,3322,46,48
6323,3323,343,23
6324,3324,185,63
6325,3325,201,25
6326,3326,262,55
6327,3327,165,45
6328,3328,271,6
6329,3329,250,20
6330,3330,219,70
6331,3331,212,55
6332,3332,160,0
6333,3333,86,29
6334,3334,67,36
6335,3335,265,34
6336,3336,328,75
6337,3337,325,9
6338,3338,284,50
6339,3339,348,21
6340,3340,40,35
6341,3341,254,3
6342,3342,321,16
6343,3343,139,60
6344,3344,309,34
6345,3345,97,9
6346,3346,288,78
6347,3347,297,76
6348,3348,73,48
6349,3349,329,62
6350,3350,302,59
6351,3351,335,11
6352,3352,262,5
6353,3353,86,2
6354,3354,249,25
6355,3355,265,51
6356,3356,82,28
6357,3357,337,28
6358,3358,251,13
6359,3359,208,62
6360,3360,187,54
6361,3361,155,77
6362,3362,80,60
6363,3363,247,1
6364,3364,85,75
6365,3365,174,70
6366,3366,315,57
6367,3367,157,16
6368,3368,224,74
6369,3369,339,39
6370,3370,250,44
6371,3371,225,40
6372,3372,200,41
6373,3373,170,79
6374,3374,309,42
6375,3375,259,64
6376,3376,199,4
6377,3377,273,71
6378,3378,86,28
6379,3379,196,39
6380,3380,155,55
6381,3381,248,46
6382,3382,81,12
6383,3383,104,13
6384,3384,326,79
6385,3385,226,1
6386,3386,97,59
6387,3387,242,51
6388,3388,102,2
6389,3389,55,76
6390,3390,107,57
6391,3391,70,61
6392,3392,319,44
6393,3393,209,19
6394,3394,290,73
6395,3395,130,6
6396,3396,141,40
6397,3397,133,30
6398,3398,95,71
6399,3399,83,70
6400,3400,154,11
6401,3401,280,52
6402,3402,154,39
6403,3403,96,3
6404,3404,242,72
6405,3405,114,46
6406,3406,271,32
6407,3407,213,25
6408,3408,111,74
6409,3409,185,25
6410,3410,345,29
6411,3411,202,32
6412,3412,83,61
6413,3413,68,44
6414,3414,95,2
6415,3415,88,72
6416,3416,99,47
6417,3417,295,63
6418,3418,204,58
6419,3419,188,1
6420,3420,253,19
6421,3421,183,17
6422,3422,192,9
6423,3423,60,68
6424,3424,280,21
6425,3425,156,60
6426,3426,74,59
6427,3427,114,65
6428,3428,99,64
6429,3429,91,57
6430,3430,225,7
6431,3431,78,22
6432,3432,272,70
6433,3433,299,54
6434,3434,111,43
6435,3435,244,74
6436,3436,73,3
6437,3437,97,27
6438,3438,166,67
6439,3439,80,43
6440,3440,217,70
6441,3441,87,61
6442,3442,340,56
6443,3443,147,59
6444,3444,289,22
6445,3445,304,23
6446,3446,96,22
6447,3447,85,27
6448,3448,330,37
6449,3449,94,59
6450,3450,128,48
6451,3451,321,37
6452,3452,132,62
6453,3453,293,1
6454,3454,265,14
6455,3455,133,34
6456,3456,62,48
6457,3457,206,5
6458,3458,190,53
6459,3459,96,27
6460,3460,205,69
6461,3461,101,2
6462,3462,291,9
6463,3463,60,40
6464,3464,65,29
6465,3465,301,75
6466,3466,191,44
6467,3467,47,37
6468,3468,178,72
6469,3469,75,74
6470,3470,306,41
6471,3471,179,70
6472,3472,248,79
6473,3473,333,52
6474,3474,140,52
6475,3475,287,16
6476,3476,265,52
6477,3477,211,26
6478,3478,215,34
6479,3479,234,35
6480,3480,136,59
6481,3481,58,50
6482,3482,129,31
6483,3483,134,11
6484,3484,306,28
6485,3485,316,74
6486,3486,143,31
6487,3487,127,78
6488,3488,43,59
6489,3489,215,61
6490,3490,330,73
6491,3491,183,74
6492,3492,178,18
6493,3493,74,11
6494,3494,283,71
6495,3495,338,12
6496,3496,43,12
6497,3497,106,68
6498,3498,138,5
6499,3499,313,73
