sleep_id,user_id,sleep_hours,sleep_quality_score,phone_before_bed
3000,1000,7.1,4.9,No
3001,1001,6.5,8.9,Yes
3002,1002,5.8,7.9,No
3003,1003,5.5,8.5,No
3004,1004,5.3,7.8,Yes
3005,1005,8.0,5.2,Yes
3006,1006,6.8,6.7,Yes
3007,1007,8.2,7.8,Yes
3008,1008,4.7,9.2,Yes
3009,1009,4.8,4.7,Yes
3010,1010,6.9,7.7,Yes
3011,1011,4.6,7.8,Yes
3012,1012,6.2,5.5,Yes
3013,1013,5.7,4.5,Yes
3014,1014,7.8,5.8,Yes
3015,1015,7.1,7.9,No
3016,1016,7.4,6.4,Yes
3017,1017,7.2,5.1,Yes
3018,1018,6.7,6.0,Yes
3019,1019,4.0,4.3,Yes
3020,1020,6.4,9.1,Yes
3021,1021,8.1,8.9,No
3022,1022,7.1,8.2,Yes
3023,1023,5.9,7.6,Yes
3024,1024,8.5,8.8,Yes
3025,1025,6.0,6.7,Yes
3026,1026,8.4,5.5,Yes
3027,1027,8.8,5.8,No
3028,1028,8.6,5.2,Yes
3029,1029,6.0,9.0,Yes
3030,1030,6.0,6.8,Yes
3031,1031,3.9,7.5,Yes
3032,1032,5.3,5.1,No
3033,1033,7.1,6.5,Yes
3034,1034,7.1,5.7,Yes
3035,1035,4.9,8.4,Yes
3036,1036,9.0,8.4,Yes
3037,1037,8.8,7.3,Yes
3038,1038,7.6,8.7,Yes
3039,1039,6.3,7.2,No
3040,1040,7.9,7.6,Yes
3041,1041,6.7,8.2,Yes
3042,1042,7.3,9.3,Yes
3043,1043,5.6,9.1,Yes
3044,1044,8.0,8.5,Yes
3045,1045,8.4,9.4,Yes
3046,1046,5.2,8.9,Yes
3047,1047,6.0,7.6,Yes
3048,1048,6.7,7.4,Yes
3049,1049,5.2,5.9,Yes
3050,1050,7.8,7.9,Yes
3051,1051,8.0,6.3,No
3052,1052,7.1,8.8,Yes
3053,1053,5.1,7.4,No
3054,1054,5.8,4.2,Yes
3055,1055,9.9,7.4,No
3056,1056,7.3,4.5,Yes
3057,1057,5.0,8.8,No
3058,1058,6.9,6.2,No
3059,1059,7.5,4.8,Yes
3060,1060,7.5,8.3,Yes
3061,1061,6.2,7.9,Yes
3062,1062,6.8,7.1,Yes
3063,1063,6.9,5.8,Yes
3064,1064,6.2,4.8,Yes
3065,1065,4.1,5.6,Yes
3066,1066,6.9,5.0,Yes
3067,1067,7.7,6.0,No
3068,1068,6.8,6.9,Yes
3069,1069,6.3,4.5,Yes
3070,1070,8.3,6.7,Yes
3071,1071,6.8,8.5,Yes
3072,1072,7.1,7.8,Yes
3073,1073,6.7,6.7,Yes
3074,1074,6.2,4.3,Yes
3075,1075,6.3,7.6,Yes
3076,1076,7.9,5.3,Yes
3077,1077,5.4,7.0,No
3078,1078,8.3,4.1,Yes
3079,1079,8.6,6.5,Yes
3080,1080,3.6,9.1,Yes
3081,1081,4.8,9.0,Yes
3082,1082,5.5,6.8,No
3083,1083,6.3,8.2,Yes
3084,1084,7.5,9.1,No
3085,1085,6.5,8.6,No
3086,1086,4.4,4.2,Yes
3087,1087,8.0,7.4,No
3088,1088,9.1,9.0,No
3089,1089,5.5,6.5,No
3090,1090,8.1,9.4,Yes
3091,1091,6.1,7.7,Yes
3092,1092,4.7,5.8,No
3093,1093,6.0,4.8,Yes
3094,1094,7.3,5.5,Yes
3095,1095,4.5,6.7,No
3096,1096,4.9,8.2,No
3097,1097,6.7,8.9,Yes
3098,1098,6.0,5.3,Yes
3099,1099,5.6,5.2,No
3100,1100,6.4,7.9,Yes
3101,1101,6.4,5.4,No
3102,1102,8.9,7.6,Yes
3103,1103,8.6,4.0,No
3104,1104,5.9,8.2,Yes
3105,1105,5.2,7.0,Yes
3106,1106,5.7,8.5,No
3107,1107,6.6,8.1,Yes
3108,1108,9.1,4.2,Yes
3109,1109,6.4,9.1,Yes
3110,1110,7.3,6.0,Yes
3111,1111,8.0,5.6,Yes
3112,1112,4.7,6.9,No
3113,1113,6.4,5.9,Yes
3114,1114,8.8,6.1,Yes
3115,1115,4.5,7.9,Yes
3116,1116,6.6,6.6,Yes
3117,1117,10.0,4.1,Yes
3118,1118,5.2,4.8,No
3119,1119,7.3,9.0,Yes
3120,1120,4.9,7.7,No
3121,1121,5.0,8.7,No
3122,1122,6.4,9.4,Yes
3123,1123,9.6,8.2,Yes
3124,1124,4.5,4.4,Yes
3125,1125,3.9,7.6,No
3126,1126,6.1,5.3,Yes
3127,1127,6.2,7.0,Yes
3128,1128,8.4,7.9,Yes
3129,1129,5.1,6.8,Yes
3130,1130,8.2,6.0,Yes
3131,1131,6.1,5.4,Yes
3132,1132,4.1,6.8,Yes
3133,1133,8.1,7.8,Yes
3134,1134,6.7,8.9,No
3135,1135,3.7,7.7,No
3136,1136,8.2,8.5,Yes
3137,1137,5.4,5.3,Yes
3138,1138,8.5,5.3,Yes
3139,1139,5.5,5.3,Yes
3140,1140,6.2,4.7,Yes
3141,1141,8.2,6.3,Yes
3142,1142,5.3,8.6,No
3143,1143,6.8,8.8,Yes
3144,1144,7.2,8.3,No
3145,1145,7.1,9.0,Yes
3146,1146,7.0,7.6,Yes
3147,1147,5.8,5.0,Yes
3148,1148,7.3,6.3,Yes
3149,1149,8.1,4.9,Yes
3150,1150,8.3,7.7,Yes
3151,1151,7.8,7.1,Yes
3152,1152,7.2,5.1,No
3153,1153,5.5,6.7,Yes
3154,1154,6.5,7.4,Yes
3155,1155,6.4,7.5,Yes
3156,1156,7.4,6.3,No
3157,1157,7.2,8.2,Yes
3158,1158,6.5,7.0,Yes
3159,1159,5.3,4.9,Yes
3160,1160,7.8,6.5,Yes
3161,1161,4.9,4.6,Yes
3162,1162,6.8,7.0,No
3163,1163,7.8,5.3,No
3164,1164,10.0,6.3,Yes
3165,1165,4.2,7.0,No
3166,1166,4.4,8.4,No
3167,1167,8.6,6.1,Yes
3168,1168,7.0,5.9,No
3169,1169,6.5,5.7,No
3170,1170,5.8,5.4,Yes
3171,1171,8.0,6.9,Yes
3172,1172,9.0,7.3,No
3173,1173,7.9,6.9,Yes
3174,1174,6.7,7.1,No
3175,1175,7.3,5.1,Yes
3176,1176,6.0,7.1,No
3177,1177,5.2,4.3,Yes
3178,1178,7.3,6.5,Yes
3179,1179,3.2,6.7,Yes
3180,1180,5.3,6.0,Yes
3181,1181,4.8,9.3,Yes
3182,1182,7.0,7.7,Yes
3183,1183,5.9,4.6,Yes
3184,1184,7.5,5.4,Yes
3185,1185,5.0,7.6,Yes
3186,1186,6.7,7.6,No
3187,1187,5.5,7.7,Yes
3188,1188,6.9,5.9,Yes
3189,1189,6.6,8.8,Yes
3190,1190,6.0,9.0,Yes
3191,1191,5.4,8.4,Yes
3192,1192,6.4,6.0,No
3193,1193,6.2,9.0,Yes
3194,1194,7.7,6.5,No
3195,1195,5.0,8.1,Yes
3196,1196,6.5,4.3,No
3197,1197,7.7,7.1,Yes
3198,1198,7.3,6.3,Yes
3199,1199,7.4,6.5,Yes
3200,1200,6.1,4.5,Yes
3201,1201,5.5,8.1,Yes
3202,1202,5.8,4.4,Yes
3203,1203,6.1,5.6,No
3204,1204,6.7,6.7,Yes
3205,1205,5.8,5.3,No
3206,1206,7.6,6.0,Yes
3207,1207,6.4,5.7,No
3208,1208,6.2,8.0,Yes
3209,1209,6.6,6.4,Yes
3210,1210,6.6,5.5,Yes
3211,1211,3.8,9.1,Yes
3212,1212,6.1,8.4,No
3213,1213,7.4,5.2,Yes
3214,1214,8.5,8.7,Yes
3215,1215,9.7,6.6,No
3216,1216,5.4,6.3,Yes
3217,1217,5.3,7.9,Yes
3218,1218,6.1,9.0,No
3219,1219,6.3,5.0,Yes
3220,1220,4.5,6.2,Yes
3221,1221,6.3,6.8,Yes
3222,1222,8.1,6.0,No
3223,1223,10.0,6.9,Yes
3224,1224,5.8,9.1,Yes
3225,1225,8.2,9.1,Yes
3226,1226,5.2,5.1,No
3227,1227,6.4,8.6,Yes
3228,1228,5.8,7.1,Yes
3229,1229,5.5,8.6,Yes
3230,1230,6.5,9.2,Yes
3231,1231,7.3,8.1,Yes
3232,1232,5.7,6.5,Yes
3233,1233,6.5,5.0,Yes
3234,1234,8.7,9.2,Yes
3235,1235,7.6,5.0,Yes
3236,1236,6.5,6.2,Yes
3237,1237,8.3,5.5,No
3238,1238,9.5,4.7,Yes
3239,1239,8.4,5.4,Yes
3240,1240,7.3,4.3,Yes
3241,1241,5.9,4.8,Yes
3242,1242,3.8,8.4,No
3243,1243,5.1,4.1,Yes
3244,1244,8.8,6.4,Yes
3245,1245,5.7,7.0,Yes
3246,1246,8.3,4.5,No
3247,1247,9.2,4.7,Yes
3248,1248,6.7,5.2,Yes
3249,1249,6.4,6.6,Yes
3250,1250,6.0,7.8,No
3251,1251,5.4,7.5,Yes
3252,1252,5.1,4.1,Yes
3253,1253,7.3,7.1,Yes
3254,1254,5.6,7.9,Yes
3255,1255,5.8,7.1,Yes
3256,1256,5.9,9.4,Yes
3257,1257,6.7,4.9,No
3258,1258,4.5,7.6,Yes
3259,1259,6.6,4.3,Yes
3260,1260,5.3,8.3,Yes
3261,1261,5.0,6.6,No
3262,1262,4.0,9.3,No
3263,1263,5.1,9.2,Yes
3264,1264,6.5,4.7,Yes
3265,1265,6.2,5.5,Yes
3266,1266,6.3,8.3,Yes
3267,1267,7.9,6.0,Yes
3268,1268,6.9,5.6,Yes
3269,1269,6.5,6.4,Yes
3270,1270,5.4,6.2,Yes
3271,1271,5.1,4.1,Yes
3272,1272,7.4,6.1,Yes
3273,1273,7.4,6.6,No
3274,1274,5.6,6.8,Yes
3275,1275,6.5,4.2,Yes
3276,1276,8.5,7.9,No
3277,1277,7.0,7.1,Yes
3278,1278,4.7,5.6,No
3279,1279,5.4,6.4,Yes
3280,1280,7.1,8.0,Yes
3281,1281,6.2,5.5,Yes
3282,1282,7.9,7.2,Yes
3283,1283,7.8,7.4,Yes
3284,1284,6.5,7.9,Yes
3285,1285,7.3,8.6,Yes
3286,1286,6.8,4.5,No
3287,1287,6.5,7.1,Yes
3288,1288,6.6,5.1,Yes
3289,1289,7.5,9.5,Yes
3290,1290,5.7,6.6,Yes
3291,1291,7.0,8.5,Yes
3292,1292,4.9,4.9,Yes
3293,1293,6.4,5.4,Yes
3294,1294,9.2,4.3,Yes
3295,1295,5.7,5.7,Yes
3296,1296,7.2,7.8,Yes
3297,1297,5.7,7.4,Yes
3298,1298,4.9,7.4,Yes
3299,1299,6.9,8.1,No
3300,1300,9.9,7.4,No
3301,1301,5.9,6.9,Yes
3302,1302,6.0,4.3,Yes
3303,1303,5.1,6.0,Yes
3304,1304,6.0,9.5,Yes
3305,1305,7.9,6.6,Yes
3306,1306,7.3,8.5,Yes
3307,1307,6.3,4.3,Yes
3308,1308,6.2,6.8,Yes
3309,1309,6.8,9.2,Yes
3310,1310,6.3,6.4,Yes
3311,1311,7.3,5.8,No
3312,1312,8.7,5.2,Yes
3313,1313,9.1,4.8,Yes
3314,1314,5.7,5.9,Yes
3315,1315,7.7,4.8,No
3316,1316,4.1,5.2,Yes
3317,1317,6.7,7.9,Yes
3318,1318,7.2,6.2,Yes
3319,1319,5.1,4.1,Yes
3320,1320,7.1,7.5,Yes
3321,1321,6.5,5.6,Yes
3322,1322,6.3,8.8,Yes
3323,1323,5.3,7.8,Yes
3324,1324,4.6,7.3,No
3325,1325,6.7,8.6,Yes
3326,1326,4.6,8.0,Yes
3327,1327,6.8,9.2,No
3328,1328,7.5,5.8,Yes
3329,1329,3.1,8.6,Yes
3330,1330,6.8,4.5,Yes
3331,1331,8.0,8.2,Yes
3332,1332,6.2,8.0,Yes
3333,1333,4.2,7.0,No
3334,1334,6.9,9.0,Yes
3335,1335,7.0,7.7,Yes
3336,1336,6.3,5.5,Yes
3337,1337,6.8,8.6,Yes
3338,1338,6.2,4.9,Yes
3339,1339,4.9,4.5,Yes
3340,1340,7.0,4.3,No
3341,1341,5.1,6.9,Yes
3342,1342,5.0,6.6,Yes
3343,1343,5.6,5.0,Yes
3344,1344,8.5,4.2,Yes
3345,1345,5.0,7.0,Yes
3346,1346,7.4,6.2,No
3347,1347,3.2,5.5,Yes
3348,1348,7.3,7.4,Yes
3349,1349,5.3,7.3,Yes
3350,1350,7.5,4.1,Yes
3351,1351,6.6,9.2,Yes
3352,1352,6.7,6.7,Yes
3353,1353,5.1,5.2,Yes
3354,1354,6.1,4.2,No
3355,1355,7.8,4.3,No
3356,1356,3.0,4.1,No
3357,1357,6.0,8.7,Yes
3358,1358,5.1,9.1,Yes
3359,1359,9.7,5.1,No
3360,1360,6.5,6.4,Yes
3361,1361,7.9,8.1,Yes
3362,1362,5.3,9.4,Yes
3363,1363,6.9,8.7,No
3364,1364,5.5,7.9,Yes
3365,1365,8.2,9.4,Yes
3366,1366,5.0,4.9,Yes
3367,1367,6.5,9.1,No
3368,1368,7.0,8.8,Yes
3369,1369,4.7,9.1,Yes
3370,1370,4.7,4.2,Yes
3371,1371,9.4,9.1,Yes
3372,1372,8.0,6.3,Yes
3373,1373,5.5,7.4,Yes
3374,1374,9.1,4.0,Yes
3375,1375,8.6,8.8,No
3376,1376,7.1,8.3,Yes
3377,1377,6.9,9.3,No
3378,1378,5.9,5.3,Yes
3379,1379,4.9,7.8,Yes
3380,1380,6.9,8.4,Yes
3381,1381,5.0,4.9,Yes
3382,1382,8.2,5.6,Yes
3383,1383,8.3,4.9,Yes
3384,1384,6.2,7.2,Yes
3385,1385,5.4,5.4,Yes
3386,1386,7.4,4.1,No
3387,1387,7.2,4.5,Yes
3388,1388,6.2,9.0,Yes
3389,1389,5.8,6.1,Yes
3390,1390,6.3,6.0,No
3391,1391,5.5,5.3,Yes
3392,1392,6.9,8.8,No
3393,1393,3.9,5.4,No
3394,1394,8.1,7.8,No
3395,1395,4.4,5.4,Yes
3396,1396,3.7,7.9,Yes
3397,1397,6.1,4.3,Yes
3398,1398,6.5,4.1,No
3399,1399,8.3,5.4,Yes
3400,1400,5.6,4.6,Yes
3401,1401,7.5,8.0,Yes
3402,1402,8.6,8.2,Yes
3403,1403,7.6,6.2,No
3404,1404,6.7,7.6,Yes
3405,1405,6.8,6.3,No
3406,1406,8.0,8.0,Yes
3407,1407,9.2,6.5,No
3408,1408,5.5,8.4,Yes
3409,1409,6.8,6.4,Yes
3410,1410,6.4,4.8,Yes
3411,1411,6.2,4.7,Yes
3412,1412,5.9,4.0,Yes
3413,1413,5.6,7.2,No
3414,1414,5.7,8.3,No
3415,1415,6.7,9.2,Yes
3416,1416,6.0,8.7,No
3417,1417,9.3,5.3,Yes
3418,1418,7.0,7.4,Yes
3419,1419,5.1,6.3,Yes
3420,1420,4.1,6.8,Yes
3421,1421,7.2,8.5,Yes
3422,1422,4.1,6.9,Yes
3423,1423,5.7,4.2,Yes
3424,1424,4.8,8.7,Yes
3425,1425,3.9,7.7,Yes
3426,1426,5.6,8.4,Yes
3427,1427,8.6,9.0,Yes
3428,1428,5.2,6.8,Yes
3429,1429,7.9,9.0,Yes
3430,1430,6.4,9.0,Yes
3431,1431,6.3,6.1,Yes
3432,1432,7.3,6.4,No
3433,1433,5.7,4.3,Yes
3434,1434,6.8,7.0,No
3435,1435,7.7,8.4,Yes
3436,1436,5.6,4.6,No
3437,1437,7.2,7.1,Yes
3438,1438,8.3,5.9,No
3439,1439,7.8,6.4,Yes
3440,1440,5.9,5.6,Yes
3441,1441,6.2,7.5,Yes
3442,1442,7.9,9.0,Yes
3443,1443,6.6,8.7,No
3444,1444,8.1,9.5,Yes
3445,1445,6.2,5.4,Yes
3446,1446,5.9,6.6,Yes
3447,1447,5.4,4.6,Yes
3448,1448,8.4,5.6,Yes
3449,1449,4.3,7.8,Yes
3450,1450,6.0,6.9,Yes
3451,1451,5.5,9.5,Yes
3452,1452,7.6,7.7,Yes
3453,1453,7.7,6.2,Yes
3454,1454,7.6,4.7,Yes
3455,1455,6.0,9.5,Yes
3456,1456,4.6,9.4,Yes
3457,1457,7.7,7.4,Yes
3458,1458,4.7,6.9,Yes
3459,1459,5.2,4.8,Yes
3460,1460,5.7,5.7,Yes
3461,1461,7.2,6.3,Yes
3462,1462,5.6,8.8,Yes
3463,1463,5.4,6.1,No
3464,1464,6.1,4.8,Yes
3465,1465,7.1,7.7,No
3466,1466,6.8,5.2,No
3467,1467,6.3,6.1,No
3468,1468,8.1,5.1,Yes
3469,1469,3.5,8.6,Yes
3470,1470,3.9,5.2,Yes
3471,1471,6.9,8.3,Yes
3472,1472,7.6,6.7,Yes
3473,1473,8.6,8.8,No
3474,1474,5.0,5.2,Yes
3475,1475,5.6,4.8,Yes
3476,1476,8.2,7.6,Yes
3477,1477,6.4,9.5,Yes
3478,1478,7.7,9.4,Yes
3479,1479,7.8,8.8,Yes
3480,1480,5.9,8.3,No
3481,1481,5.1,9.4,Yes
3482,1482,7.3,7.0,Yes
3483,1483,3.8,9.5,No
3484,1484,6.9,4.1,Yes
3485,1485,7.4,5.5,Yes
3486,1486,5.9,6.0,Yes
3487,1487,5.6,8.9,Yes
3488,1488,5.9,6.1,Yes
3489,1489,7.0,5.0,Yes
3490,1490,6.6,8.1,Yes
3491,1491,9.1,7.1,No
3492,1492,5.4,5.7,No
3493,1493,7.3,5.7,Yes
3494,1494,6.6,5.6,Yes
3495,1495,3.6,6.7,Yes
3496,1496,5.1,8.7,Yes
3497,1497,6.4,4.7,No
3498,1498,5.7,7.3,Yes
3499,1499,7.3,8.4,Yes
3500,1500,5.4,8.0,Yes
3501,1501,5.3,6.9,Yes
3502,1502,6.1,8.3,Yes
3503,1503,8.6,6.4,Yes
3504,1504,7.0,7.2,No
3505,1505,9.6,8.8,No
3506,1506,5.6,7.5,Yes
3507,1507,6.7,5.9,Yes
3508,1508,6.5,4.4,Yes
3509,1509,6.2,8.1,Yes
3510,1510,6.4,9.5,Yes
3511,1511,7.7,5.5,No
3512,1512,6.2,7.9,Yes
3513,1513,7.2,7.3,Yes
3514,1514,7.2,7.5,Yes
3515,1515,6.1,4.1,Yes
3516,1516,5.6,9.4,No
3517,1517,7.4,9.1,Yes
3518,1518,6.3,9.1,Yes
3519,1519,5.0,4.1,Yes
3520,1520,5.3,6.1,Yes
3521,1521,8.4,6.8,Yes
3522,1522,8.3,4.3,Yes
3523,1523,7.0,9.1,Yes
3524,1524,6.8,4.6,No
3525,1525,4.9,6.8,Yes
3526,1526,7.3,7.9,Yes
3527,1527,8.8,4.2,Yes
3528,1528,5.6,6.1,Yes
3529,1529,8.3,7.9,No
3530,1530,4.5,5.7,Yes
3531,1531,6.3,7.6,Yes
3532,1532,8.2,7.9,Yes
3533,1533,4.6,9.1,No
3534,1534,5.4,6.7,No
3535,1535,3.9,9.3,Yes
3536,1536,7.2,8.9,No
3537,1537,5.7,6.0,No
3538,1538,5.6,6.5,Yes
3539,1539,6.1,7.5,Yes
3540,1540,6.4,5.0,Yes
3541,1541,9.0,4.3,Yes
3542,1542,5.6,8.4,Yes
3543,1543,6.5,4.3,Yes
3544,1544,7.0,5.2,Yes
3545,1545,4.5,6.5,Yes
3546,1546,8.2,5.4,Yes
3547,1547,8.1,9.2,Yes
3548,1548,6.9,5.1,Yes
3549,1549,6.6,6.7,No
3550,1550,4.5,4.8,No
3551,1551,4.0,9.4,Yes
3552,1552,7.7,7.2,Yes
3553,1553,4.8,6.4,Yes
3554,1554,5.6,4.6,Yes
3555,1555,8.1,5.7,Yes
3556,1556,4.7,7.1,Yes
3557,1557,9.3,7.8,No
3558,1558,7.3,5.7,Yes
3559,1559,7.4,6.4,No
3560,1560,8.3,8.3,No
3561,1561,6.3,7.7,Yes
3562,1562,6.1,4.7,No
3563,1563,5.9,8.3,Yes
3564,1564,6.8,6.2,Yes
3565,1565,5.6,5.0,No
3566,1566,6.4,6.1,No
3567,1567,6.0,6.9,No
3568,1568,6.1,6.6,Yes
3569,1569,7.6,5.6,Yes
3570,1570,4.7,4.0,Yes
3571,1571,6.3,5.4,Yes
3572,1572,7.3,5.2,Yes
3573,1573,5.2,6.4,Yes
3574,1574,9.2,8.0,Yes
3575,1575,6.7,4.7,No
3576,1576,5.7,9.3,Yes
3577,1577,4.3,6.3,Yes
3578,1578,8.3,6.9,Yes
3579,1579,8.1,8.9,Yes
3580,1580,4.8,7.2,Yes
3581,1581,5.6,8.2,No
3582,1582,6.7,5.3,Yes
3583,1583,6.9,5.9,Yes
3584,1584,8.3,9.4,Yes
3585,1585,5.0,7.6,No
3586,1586,7.6,4.0,Yes
3587,1587,4.9,8.4,No
3588,1588,8.9,8.9,Yes
3589,1589,6.6,4.6,Yes
3590,1590,6.8,8.0,Yes
3591,1591,6.7,7.2,No
3592,1592,6.6,5.9,Yes
3593,1593,3.4,4.2,Yes
3594,1594,5.5,6.9,Yes
3595,1595,6.1,4.8,Yes
3596,1596,9.4,4.1,Yes
3597,1597,4.1,7.2,Yes
3598,1598,6.8,8.5,Yes
3599,1599,4.1,4.7,Yes
3600,1600,7.2,9.4,Yes
3601,1601,5.2,4.5,Yes
3602,1602,5.9,6.4,No
3603,1603,7.4,5.4,No
3604,1604,6.3,5.3,Yes
3605,1605,7.5,8.5,Yes
3606,1606,5.1,5.5,No
3607,1607,4.5,4.5,Yes
3608,1608,4.6,8.0,No
3609,1609,5.9,5.0,No
3610,1610,6.4,4.3,Yes
3611,1611,6.6,5.1,No
3612,1612,7.2,5.8,Yes
3613,1613,4.8,5.4,Yes
3614,1614,7.6,7.7,Yes
3615,1615,7.4,6.5,Yes
3616,1616,7.6,5.2,Yes
3617,1617,4.4,7.8,Yes
3618,1618,7.9,7.3,Yes
3619,1619,5.8,8.6,No
3620,1620,6.1,7.0,Yes
3621,1621,8.6,4.4,Yes
3622,1622,9.2,5.4,No
3623,1623,6.9,6.9,Yes
3624,1624,7.6,5.6,Yes
3625,1625,6.0,8.2,No
3626,1626,7.3,9.3,No
3627,1627,6.0,9.3,Yes
3628,1628,5.7,4.6,No
3629,1629,3.6,8.6,Yes
3630,1630,8.6,6.3,Yes
3631,1631,7.3,5.1,No
3632,1632,5.3,9.1,Yes
3633,1633,5.3,8.0,No
3634,1634,8.3,9.4,Yes
3635,1635,7.2,9.2,Yes
3636,1636,7.9,9.4,Yes
3637,1637,3.7,6.1,No
3638,1638,6.2,7.6,Yes
3639,1639,6.2,4.1,Yes
3640,1640,3.8,8.7,Yes
3641,1641,5.1,9.1,Yes
3642,1642,7.1,9.0,Yes
3643,1643,5.4,5.4,Yes
3644,1644,6.0,4.4,No
3645,1645,4.7,6.7,Yes
3646,1646,5.6,4.1,Yes
3647,1647,5.6,8.9,Yes
3648,1648,3.4,5.1,No
3649,1649,9.0,8.7,No
3650,1650,7.8,8.9,Yes
3651,1651,6.2,4.6,Yes
3652,1652,5.9,8.2,Yes
3653,1653,3.8,7.8,Yes
3654,1654,4.2,9.3,Yes
3655,1655,9.9,5.3,Yes
3656,1656,7.0,4.7,Yes
3657,1657,6.6,4.5,No
3658,1658,4.6,6.3,Yes
3659,1659,3.3,7.1,Yes
3660,1660,5.0,9.2,Yes
3661,1661,6.0,6.8,Yes
3662,1662,6.8,8.5,Yes
3663,1663,8.8,7.1,Yes
3664,1664,7.0,9.0,Yes
3665,1665,7.3,5.5,No
3666,1666,7.3,4.0,No
3667,1667,8.0,5.2,Yes
3668,1668,7.1,5.3,Yes
3669,1669,7.9,8.9,Yes
3670,1670,5.8,4.1,Yes
3671,1671,5.9,4.7,Yes
3672,1672,6.2,8.9,Yes
3673,1673,4.6,7.7,Yes
3674,1674,6.8,9.1,Yes
3675,1675,3.5,5.2,Yes
3676,1676,5.9,6.4,No
3677,1677,3.3,6.0,Yes
3678,1678,7.2,7.1,Yes
3679,1679,3.6,9.2,Yes
3680,1680,6.8,5.2,Yes
3681,1681,6.2,7.3,Yes
3682,1682,7.0,7.6,Yes
3683,1683,6.7,7.0,Yes
3684,1684,6.7,7.3,Yes
3685,1685,6.5,5.3,Yes
3686,1686,8.1,6.7,Yes
3687,1687,5.4,6.4,Yes
3688,1688,7.2,8.2,Yes
3689,1689,6.4,4.5,Yes
3690,1690,5.7,5.2,Yes
3691,1691,10.0,5.0,Yes
3692,1692,5.3,9.0,Yes
3693,1693,8.6,6.2,Yes
3694,1694,7.3,6.9,Yes
3695,1695,6.4,8.6,Yes
3696,1696,9.3,7.3,Yes
3697,1697,8.2,4.2,No
3698,1698,6.0,9.0,No
3699,1699,3.1,5.8,No
3700,1700,6.9,7.7,Yes
3701,1701,3.8,9.4,No
3702,1702,8.0,6.5,Yes
3703,1703,8.1,8.2,Yes
3704,1704,6.8,7.1,Yes
3705,1705,8.3,6.3,Yes
3706,1706,8.4,8.6,Yes
3707,1707,6.6,7.7,Yes
3708,1708,5.6,6.2,Yes
3709,1709,9.1,7.4,Yes
3710,1710,9.4,4.6,Yes
3711,1711,6.0,5.6,Yes
3712,1712,5.0,7.8,Yes
3713,1713,4.8,8.3,Yes
3714,1714,4.6,7.1,Yes
3715,1715,6.4,4.9,Yes
3716,1716,7.2,5.1,No
3717,1717,6.6,7.7,Yes
3718,1718,6.4,7.4,Yes
3719,1719,7.8,9.3,Yes
3720,1720,8.8,7.5,Yes
3721,1721,5.4,8.3,No
3722,1722,7.6,4.8,Yes
3723,1723,6.4,8.0,Yes
3724,1724,6.2,7.5,Yes
3725,1725,7.8,6.7,Yes
3726,1726,7.1,7.7,No
3727,1727,3.9,6.5,Yes
3728,1728,5.6,8.5,Yes
3729,1729,5.6,5.8,Yes
3730,1730,5.5,7.5,Yes
3731,1731,4.6,8.2,Yes
3732,1732,7.3,5.4,Yes
3733,1733,8.6,7.0,Yes
3734,1734,5.3,4.0,Yes
3735,1735,8.5,7.4,No
3736,1736,4.7,4.4,Yes
3737,1737,8.0,5.6,No
3738,1738,7.8,5.6,No
3739,1739,6.1,9.4,Yes
3740,1740,9.3,5.4,Yes
3741,1741,7.3,4.2,No
3742,1742,6.0,8.0,Yes
3743,1743,10.0,4.9,No
3744,1744,6.5,9.3,Yes
3745,1745,5.6,5.7,Yes
3746,1746,7.5,4.9,No
3747,1747,5.6,7.6,Yes
3748,1748,6.6,5.7,Yes
3749,1749,6.6,7.0,Yes
3750,1750,6.1,5.9,Yes
3751,1751,5.6,8.4,No
3752,1752,7.6,5.7,Yes
3753,1753,7.4,4.1,No
3754,1754,8.3,8.4,Yes
3755,1755,6.6,4.7,Yes
3756,1756,6.3,6.3,No
3757,1757,6.6,8.1,No
3758,1758,7.4,9.4,Yes
3759,1759,4.3,7.4,Yes
3760,1760,5.1,5.0,Yes
3761,1761,4.1,9.5,No
3762,1762,8.1,8.3,Yes
3763,1763,8.7,4.9,Yes
3764,1764,7.8,8.5,Yes
3765,1765,5.7,5.2,Yes
3766,1766,5.9,5.2,Yes
3767,1767,7.7,4.2,Yes
3768,1768,5.4,7.5,Yes
3769,1769,8.6,7.3,No
3770,1770,5.2,8.3,No
3771,1771,8.3,9.2,Yes
3772,1772,6.8,5.9,No
3773,1773,6.9,5.7,Yes
3774,1774,8.2,5.2,Yes
3775,1775,5.6,7.0,Yes
3776,1776,7.3,9.3,Yes
3777,1777,5.9,9.3,Yes
3778,1778,6.7,7.4,No
3779,1779,3.5,5.4,Yes
3780,1780,7.9,6.1,No
3781,1781,10.0,7.1,Yes
3782,1782,4.7,5.1,Yes
3783,1783,4.7,6.5,Yes
3784,1784,5.7,6.1,Yes
3785,1785,6.4,9.1,Yes
3786,1786,6.8,9.4,No
3787,1787,4.4,9.0,Yes
3788,1788,6.8,5.5,Yes
3789,1789,4.6,6.9,Yes
3790,1790,8.8,4.9,Yes
3791,1791,6.7,7.2,Yes
3792,1792,6.1,8.6,Yes
3793,1793,8.3,4.1,Yes
3794,1794,5.8,6.2,Yes
3795,1795,6.4,4.5,Yes
3796,1796,7.0,7.8,Yes
3797,1797,6.4,7.9,Yes
3798,1798,6.8,5.3,Yes
3799,1799,5.5,8.4,No
3800,1800,5.3,7.0,Yes
3801,1801,6.4,8.6,Yes
3802,1802,6.9,7.2,Yes
3803,1803,8.9,4.6,Yes
3804,1804,5.8,9.3,No
3805,1805,4.4,6.4,Yes
3806,1806,6.9,9.4,Yes
3807,1807,6.5,6.8,No
3808,1808,5.8,6.5,No
3809,1809,8.1,5.8,Yes
3810,1810,9.2,6.6,No
3811,1811,7.8,6.4,Yes
3812,1812,6.4,7.2,Yes
3813,1813,6.7,6.5,Yes
3814,1814,9.2,7.1,Yes
3815,1815,6.6,4.6,Yes
3816,1816,7.7,5.1,No
3817,1817,3.6,8.1,Yes
3818,1818,7.1,4.3,No
3819,1819,7.8,8.7,Yes
3820,1820,6.3,6.8,No
3821,1821,8.2,6.4,Yes
3822,1822,5.9,9.4,Yes
3823,1823,8.0,7.7,Yes
3824,1824,5.0,8.8,Yes
3825,1825,6.9,8.8,Yes
3826,1826,5.9,9.2,Yes
3827,1827,7.4,6.4,Yes
3828,1828,7.2,4.9,No
3829,1829,6.1,6.5,Yes
3830,1830,8.2,6.0,Yes
3831,1831,5.4,5.3,No
3832,1832,5.6,7.9,No
3833,1833,6.0,9.5,Yes
3834,1834,6.0,9.4,Yes
3835,1835,6.4,5.0,Yes
3836,1836,7.1,8.0,Yes
3837,1837,5.8,4.3,Yes
3838,1838,6.4,5.1,Yes
3839,1839,5.5,9.0,Yes
3840,1840,6.8,4.7,No
3841,1841,6.5,9.3,Yes
3842,1842,6.4,8.6,No
3843,1843,5.8,9.3,Yes
3844,1844,4.9,6.4,Yes
3845,1845,6.7,7.2,Yes
3846,1846,6.6,5.0,No
3847,1847,4.6,5.0,No
3848,1848,5.8,5.1,Yes
3849,1849,4.5,4.1,Yes
3850,1850,7.0,7.9,No
3851,1851,6.4,4.5,Yes
3852,1852,7.0,8.7,Yes
3853,1853,4.1,7.6,Yes
3854,1854,7.3,7.1,Yes
3855,1855,5.0,4.8,Yes
3856,1856,5.4,5.2,Yes
3857,1857,6.9,5.4,Yes
3858,1858,8.3,4.5,No
3859,1859,4.7,6.4,Yes
3860,1860,6.3,5.7,Yes
3861,1861,5.3,9.4,No
3862,1862,4.0,4.7,Yes
3863,1863,6.8,9.2,Yes
3864,1864,5.5,4.7,No
3865,1865,7.0,8.0,Yes
3866,1866,6.8,8.1,Yes
3867,1867,4.7,7.6,Yes
3868,1868,4.9,6.4,Yes
3869,1869,8.9,9.3,Yes
3870,1870,5.5,8.3,Yes
3871,1871,7.0,5.9,Yes
3872,1872,5.9,6.8,Yes
3873,1873,7.5,8.8,Yes
3874,1874,7.0,9.0,Yes
3875,1875,7.2,9.1,Yes
3876,1876,6.4,7.7,Yes
3877,1877,4.5,5.5,No
3878,1878,4.4,6.0,Yes
3879,1879,7.5,8.7,Yes
3880,1880,5.0,7.8,No
3881,1881,7.4,4.1,Yes
3882,1882,8.6,8.4,Yes
3883,1883,5.8,9.3,Yes
3884,1884,5.8,8.7,Yes
3885,1885,6.9,4.2,No
3886,1886,8.9,4.2,No
3887,1887,5.6,4.9,Yes
3888,1888,7.5,7.6,Yes
3889,1889,6.6,5.0,Yes
3890,1890,8.7,8.6,Yes
3891,1891,6.1,7.1,Yes
3892,1892,6.4,5.2,Yes
3893,1893,4.3,8.9,Yes
3894,1894,5.1,6.2,Yes
3895,1895,5.8,5.2,No
3896,1896,5.9,8.8,Yes
3897,1897,7.8,5.5,Yes
3898,1898,5.7,4.4,No
3899,1899,6.5,7.0,Yes
3900,1900,7.2,8.5,Yes
3901,1901,5.6,8.7,Yes
3902,1902,4.9,6.2,Yes
3903,1903,4.3,7.8,Yes
3904,1904,7.8,5.1,Yes
3905,1905,4.8,6.7,No
3906,1906,6.0,7.1,Yes
3907,1907,8.6,6.3,Yes
3908,1908,7.4,7.0,Yes
3909,1909,6.5,5.1,Yes
3910,1910,7.0,7.5,No
3911,1911,4.1,9.2,Yes
3912,1912,8.3,9.0,Yes
3913,1913,5.8,7.9,No
3914,1914,5.9,7.2,Yes
3915,1915,3.2,7.0,Yes
3916,1916,5.3,4.3,Yes
3917,1917,6.0,4.5,Yes
3918,1918,6.9,5.0,Yes
3919,1919,4.1,4.8,No
3920,1920,7.5,4.7,Yes
3921,1921,7.5,7.3,Yes
3922,1922,7.4,6.0,No
3923,1923,6.3,7.4,Yes
3924,1924,4.0,6.4,No
3925,1925,8.9,6.9,No
3926,1926,9.6,6.0,No
3927,1927,6.0,6.9,No
3928,1928,3.9,8.5,Yes
3929,1929,4.9,4.8,Yes
3930,1930,4.4,5.9,No
3931,1931,5.7,9.5,Yes
3932,1932,3.9,5.1,No
3933,1933,6.3,6.3,Yes
3934,1934,5.5,4.2,Yes
3935,1935,7.0,5.7,Yes
3936,1936,6.5,9.4,No
3937,1937,8.3,8.5,Yes
3938,1938,8.5,5.8,Yes
3939,1939,6.7,6.9,Yes
3940,1940,7.6,4.6,No
3941,1941,7.4,6.1,Yes
3942,1942,5.0,7.8,No
3943,1943,4.5,7.2,Yes
3944,1944,4.5,6.1,No
3945,1945,6.2,6.3,Yes
3946,1946,5.2,7.3,Yes
3947,1947,4.2,7.2,Yes
3948,1948,3.3,8.2,No
3949,1949,4.9,8.2,Yes
3950,1950,4.9,6.4,No
3951,1951,3.7,8.3,Yes
3952,1952,7.2,5.6,Yes
3953,1953,3.0,4.1,No
3954,1954,7.3,5.2,Yes
3955,1955,7.4,6.8,Yes
3956,1956,6.5,7.9,No
3957,1957,6.3,6.3,Yes
3958,1958,6.5,6.4,Yes
3959,1959,7.3,4.6,Yes
3960,1960,7.5,8.3,No
3961,1961,5.6,6.3,Yes
3962,1962,8.4,8.2,Yes
3963,1963,6.5,5.7,Yes
3964,1964,6.8,6.3,Yes
3965,1965,5.6,6.2,Yes
3966,1966,3.1,6.7,No
3967,1967,8.5,7.6,No
3968,1968,5.6,8.0,No
3969,1969,7.6,4.7,No
3970,1970,5.5,9.3,No
3971,1971,6.9,4.1,Yes
3972,1972,8.7,4.2,No
3973,1973,5.9,4.3,No
3974,1974,7.4,8.7,No
3975,1975,8.5,6.5,No
3976,1976,3.4,4.7,Yes
3977,1977,3.2,6.2,No
3978,1978,8.7,4.6,No
3979,1979,7.1,8.1,Yes
3980,1980,7.4,4.7,Yes
3981,1981,7.6,9.4,Yes
3982,1982,5.2,7.7,Yes
3983,1983,8.6,4.4,Yes
3984,1984,5.8,7.6,Yes
3985,1985,6.8,7.7,No
3986,1986,7.1,6.1,Yes
3987,1987,4.9,7.4,Yes
3988,1988,7.4,8.7,Yes
3989,1989,6.8,4.2,Yes
3990,1990,6.9,4.0,No
3991,1991,6.5,4.7,Yes
3992,1992,6.3,8.0,No
3993,1993,7.3,7.7,Yes
3994,1994,9.3,4.8,Yes
3995,1995,5.6,8.5,Yes
3996,1996,7.4,7.0,Yes
3997,1997,4.9,4.3,Yes
3998,1998,6.4,6.5,No
3999,1999,6.4,6.6,Yes
4000,2000,7.7,7.5,Yes
4001,2001,5.9,6.8,Yes
4002,2002,4.5,6.9,No
4003,2003,5.1,5.6,Yes
4004,2004,5.8,7.4,Yes
4005,2005,7.2,8.1,No
4006,2006,6.5,8.0,Yes
4007,2007,7.3,4.0,No
4008,2008,8.0,8.4,No
4009,2009,6.5,9.3,Yes
4010,2010,5.3,4.6,No
4011,2011,5.2,5.8,Yes
4012,2012,6.2,7.9,Yes
4013,2013,6.4,8.3,Yes
4014,2014,7.1,4.6,Yes
4015,2015,8.3,8.7,Yes
4016,2016,5.7,5.0,Yes
4017,2017,5.0,5.4,No
4018,2018,5.1,6.5,Yes
4019,2019,8.4,5.5,No
4020,2020,8.8,8.3,Yes
4021,2021,5.6,5.7,Yes
4022,2022,6.4,7.8,Yes
4023,2023,4.8,7.0,No
4024,2024,4.8,8.1,No
4025,2025,6.9,4.1,Yes
4026,2026,5.3,5.8,Yes
4027,2027,8.5,8.5,Yes
4028,2028,5.1,6.7,No
4029,2029,5.2,8.4,Yes
4030,2030,9.3,9.1,Yes
4031,2031,7.1,9.0,No
4032,2032,6.4,6.0,Yes
4033,2033,9.1,4.4,Yes
4034,2034,6.9,5.5,Yes
4035,2035,7.4,8.5,Yes
4036,2036,5.5,4.0,Yes
4037,2037,8.5,4.3,No
4038,2038,7.8,4.6,No
4039,2039,4.6,7.3,No
4040,2040,4.9,8.0,Yes
4041,2041,7.6,6.6,Yes
4042,2042,5.8,8.7,Yes
4043,2043,8.5,8.2,Yes
4044,2044,7.6,5.9,No
4045,2045,5.9,8.4,Yes
4046,2046,5.5,8.6,Yes
4047,2047,7.3,4.3,Yes
4048,2048,6.3,8.1,No
4049,2049,8.0,7.0,Yes
4050,2050,6.9,4.4,Yes
4051,2051,7.6,6.3,Yes
4052,2052,7.2,9.4,No
4053,2053,7.4,9.1,Yes
4054,2054,9.1,8.1,Yes
4055,2055,5.9,9.2,Yes
4056,2056,6.5,8.1,Yes
4057,2057,7.8,5.4,No
4058,2058,5.9,5.8,Yes
4059,2059,7.6,8.9,Yes
4060,2060,3.5,6.9,Yes
4061,2061,6.1,4.3,Yes
4062,2062,7.4,4.3,Yes
4063,2063,4.5,8.8,Yes
4064,2064,6.0,8.7,Yes
4065,2065,3.4,8.4,Yes
4066,2066,3.0,5.1,No
4067,2067,8.0,6.9,No
4068,2068,9.0,7.7,Yes
4069,2069,6.8,7.0,Yes
4070,2070,6.3,7.3,No
4071,2071,6.2,8.6,No
4072,2072,8.1,9.3,Yes
4073,2073,6.9,9.0,Yes
4074,2074,3.7,5.6,No
4075,2075,6.4,7.1,Yes
4076,2076,6.1,5.4,Yes
4077,2077,6.8,6.0,No
4078,2078,5.9,9.4,No
4079,2079,6.4,4.1,Yes
4080,2080,5.9,6.5,Yes
4081,2081,4.6,7.9,No
4082,2082,7.3,5.6,Yes
4083,2083,8.2,8.7,Yes
4084,2084,7.0,7.5,Yes
4085,2085,8.4,4.7,Yes
4086,2086,8.3,8.8,Yes
4087,2087,5.5,4.3,Yes
4088,2088,3.6,8.0,Yes
4089,2089,6.1,5.9,Yes
4090,2090,7.4,7.8,Yes
4091,2091,7.1,7.3,No
4092,2092,5.6,6.3,Yes
4093,2093,7.4,4.1,No
4094,2094,6.0,6.7,Yes
4095,2095,6.1,5.6,Yes
4096,2096,7.4,4.6,No
4097,2097,4.5,5.9,Yes
4098,2098,7.8,6.4,Yes
4099,2099,5.3,8.6,Yes
4100,2100,7.0,7.1,No
4101,2101,6.7,7.5,No
4102,2102,8.4,5.9,No
4103,2103,4.9,4.2,No
4104,2104,7.9,5.6,Yes
4105,2105,4.0,9.1,Yes
4106,2106,8.0,8.9,Yes
4107,2107,7.9,8.7,Yes
4108,2108,3.0,4.5,Yes
4109,2109,5.0,8.7,Yes
4110,2110,5.7,5.6,Yes
4111,2111,5.8,4.6,Yes
4112,2112,6.2,8.6,Yes
4113,2113,8.8,6.5,No
4114,2114,7.0,9.3,Yes
4115,2115,9.5,5.1,No
4116,2116,8.0,9.0,No
4117,2117,5.9,7.0,No
4118,2118,8.2,7.9,Yes
4119,2119,5.6,7.2,Yes
4120,2120,8.5,7.9,No
4121,2121,7.2,5.9,No
4122,2122,7.9,6.4,Yes
4123,2123,4.8,6.4,Yes
4124,2124,10.0,4.3,Yes
4125,2125,6.6,6.9,Yes
4126,2126,4.8,7.2,Yes
4127,2127,6.0,6.0,No
4128,2128,6.0,4.8,No
4129,2129,6.2,4.3,No
4130,2130,9.5,8.6,Yes
4131,2131,4.5,8.5,Yes
4132,2132,7.6,7.4,Yes
4133,2133,7.3,6.0,Yes
4134,2134,8.0,7.0,Yes
4135,2135,6.2,5.2,Yes
4136,2136,5.8,4.6,Yes
4137,2137,6.7,8.7,Yes
4138,2138,5.9,5.5,Yes
4139,2139,5.7,4.4,Yes
4140,2140,6.8,5.5,No
4141,2141,6.1,4.5,Yes
4142,2142,5.7,6.8,Yes
4143,2143,6.8,4.1,Yes
4144,2144,8.5,9.4,Yes
4145,2145,7.1,7.4,Yes
4146,2146,8.5,7.9,Yes
4147,2147,4.6,7.2,Yes
4148,2148,8.1,4.6,Yes
4149,2149,6.5,4.0,Yes
4150,2150,6.3,7.5,Yes
4151,2151,8.2,4.5,Yes
4152,2152,4.8,9.1,Yes
4153,2153,5.3,5.4,Yes
4154,2154,5.6,9.5,No
4155,2155,7.3,8.3,Yes
4156,2156,4.5,5.7,No
4157,2157,5.5,9.4,Yes
4158,2158,5.8,8.9,Yes
4159,2159,6.0,6.5,Yes
4160,2160,7.9,8.7,Yes
4161,2161,6.1,7.3,Yes
4162,2162,5.9,4.8,No
4163,2163,7.2,8.3,Yes
4164,2164,7.5,5.2,No
4165,2165,5.2,6.9,Yes
4166,2166,8.0,6.8,No
4167,2167,5.9,8.1,Yes
4168,2168,4.6,9.2,No
4169,2169,6.1,9.4,Yes
4170,2170,5.6,4.8,Yes
4171,2171,4.8,7.7,Yes
4172,2172,7.1,7.8,No
4173,2173,5.0,7.1,Yes
4174,2174,6.1,5.6,No
4175,2175,4.1,9.0,No
4176,2176,5.8,8.9,Yes
4177,2177,9.7,4.1,Yes
4178,2178,8.3,4.1,No
4179,2179,6.7,8.1,Yes
4180,2180,7.7,9.0,Yes
4181,2181,6.1,8.0,Yes
4182,2182,8.9,4.4,No
4183,2183,3.9,6.1,Yes
4184,2184,6.4,6.7,Yes
4185,2185,10.0,5.3,No
4186,2186,6.7,8.2,Yes
4187,2187,9.1,7.3,Yes
4188,2188,5.1,7.5,Yes
4189,2189,5.6,6.3,Yes
4190,2190,6.9,7.0,Yes
4191,2191,4.9,6.1,Yes
4192,2192,8.2,8.9,Yes
4193,2193,6.3,8.5,No
4194,2194,6.5,5.9,Yes
4195,2195,7.7,8.9,Yes
4196,2196,6.8,7.7,No
4197,2197,6.5,8.3,Yes
4198,2198,7.3,4.4,Yes
4199,2199,5.9,4.5,Yes
4200,2200,4.8,7.9,Yes
4201,2201,6.5,9.0,Yes
4202,2202,4.6,6.5,Yes
4203,2203,9.0,8.7,No
4204,2204,7.0,8.1,Yes
4205,2205,6.2,7.8,No
4206,2206,6.9,4.8,Yes
4207,2207,8.3,4.4,Yes
4208,2208,7.7,5.1,Yes
4209,2209,8.4,8.7,Yes
4210,2210,8.2,7.0,No
4211,2211,5.0,7.5,Yes
4212,2212,5.9,4.9,Yes
4213,2213,5.9,5.2,Yes
4214,2214,5.2,4.8,Yes
4215,2215,4.3,8.0,Yes
4216,2216,7.1,4.2,Yes
4217,2217,6.6,7.5,Yes
4218,2218,7.8,4.2,Yes
4219,2219,4.8,7.1,Yes
4220,2220,8.1,5.3,No
4221,2221,4.9,7.7,Yes
4222,2222,7.6,7.0,Yes
4223,2223,7.5,5.6,Yes
4224,2224,7.6,8.6,Yes
4225,2225,6.5,9.3,Yes
4226,2226,6.6,9.3,Yes
4227,2227,6.4,6.2,Yes
4228,2228,8.7,5.6,Yes
4229,2229,5.5,7.3,No
4230,2230,8.3,4.4,Yes
4231,2231,7.0,6.2,Yes
4232,2232,5.2,9.4,Yes
4233,2233,9.0,8.5,Yes
4234,2234,7.9,4.7,Yes
4235,2235,4.3,7.6,Yes
4236,2236,7.4,4.7,Yes
4237,2237,9.7,6.9,Yes
4238,2238,7.2,8.2,Yes
4239,2239,8.9,7.8,Yes
4240,2240,6.9,6.9,Yes
4241,2241,5.3,8.9,Yes
4242,2242,4.0,4.2,Yes
4243,2243,6.5,5.9,Yes
4244,2244,8.1,4.8,Yes
4245,2245,6.5,7.0,Yes
4246,2246,7.7,9.1,Yes
4247,2247,8.7,8.5,No
4248,2248,7.2,7.2,Yes
4249,2249,3.1,4.3,No
4250,2250,6.4,4.5,Yes
4251,2251,7.0,9.4,Yes
4252,2252,7.6,5.0,Yes
4253,2253,8.8,4.9,Yes
4254,2254,4.7,4.2,Yes
4255,2255,5.5,6.0,Yes
4256,2256,4.8,9.1,No
4257,2257,9.3,4.9,Yes
4258,2258,5.8,4.6,Yes
4259,2259,6.5,5.5,Yes
4260,2260,5.8,4.9,No
4261,2261,7.1,8.1,Yes
4262,2262,5.9,5.1,Yes
4263,2263,9.1,5.6,Yes
4264,2264,8.4,7.7,Yes
4265,2265,6.6,5.7,Yes
4266,2266,9.1,9.4,Yes
4267,2267,7.1,4.2,Yes
4268,2268,6.0,7.1,No
4269,2269,6.2,8.3,Yes
4270,2270,6.4,5.9,Yes
4271,2271,6.0,6.4,Yes
4272,2272,6.8,6.9,Yes
4273,2273,9.1,4.5,Yes
4274,2274,5.8,5.8,No
4275,2275,8.9,6.1,Yes
4276,2276,5.5,4.8,Yes
4277,2277,4.0,8.5,Yes
4278,2278,5.8,9.0,No
4279,2279,5.1,7.1,Yes
4280,2280,5.8,7.4,Yes
4281,2281,4.6,8.1,Yes
4282,2282,8.3,4.3,No
4283,2283,6.9,7.9,Yes
4284,2284,6.2,8.3,Yes
4285,2285,6.2,8.2,Yes
4286,2286,5.2,5.8,No
4287,2287,8.3,6.9,Yes
4288,2288,6.8,7.0,Yes
4289,2289,6.2,4.1,Yes
4290,2290,7.3,4.7,Yes
4291,2291,7.1,4.7,Yes
4292,2292,4.3,7.6,No
4293,2293,5.3,6.5,Yes
4294,2294,5.8,8.1,Yes
4295,2295,7.2,5.6,Yes
4296,2296,5.8,5.9,Yes
4297,2297,7.6,4.9,Yes
4298,2298,5.2,7.7,Yes
4299,2299,6.5,9.1,No
4300,2300,7.4,7.6,No
4301,2301,5.8,7.5,Yes
4302,2302,5.9,7.8,Yes
4303,2303,4.6,7.2,Yes
4304,2304,6.3,8.9,Yes
4305,2305,6.1,8.3,Yes
4306,2306,6.4,5.9,Yes
4307,2307,6.0,4.4,Yes
4308,2308,8.3,4.1,Yes
4309,2309,6.3,4.6,Yes
4310,2310,4.5,6.0,Yes
4311,2311,7.6,4.7,Yes
4312,2312,7.8,8.1,Yes
4313,2313,7.2,8.6,Yes
4314,2314,5.5,7.4,No
4315,2315,8.4,5.5,Yes
4316,2316,5.3,7.5,Yes
4317,2317,7.7,7.6,Yes
4318,2318,6.7,4.5,No
4319,2319,5.3,8.1,No
4320,2320,4.8,8.2,Yes
4321,2321,8.4,8.4,Yes
4322,2322,5.6,6.4,Yes
4323,2323,4.9,8.8,Yes
4324,2324,6.2,8.5,Yes
4325,2325,8.5,7.5,Yes
4326,2326,6.3,4.8,Yes
4327,2327,7.0,4.4,No
4328,2328,6.4,8.3,Yes
4329,2329,7.5,7.0,Yes
4330,2330,6.1,4.6,Yes
4331,2331,6.4,6.8,Yes
4332,2332,8.1,4.2,Yes
4333,2333,5.8,6.0,Yes
4334,2334,6.8,6.7,Yes
4335,2335,8.0,5.0,Yes
4336,2336,4.8,8.3,Yes
4337,2337,6.0,4.5,No
4338,2338,6.1,5.5,Yes
4339,2339,10.0,5.6,Yes
4340,2340,5.7,5.8,Yes
4341,2341,6.6,9.4,Yes
4342,2342,7.8,4.3,Yes
4343,2343,3.9,4.0,No
4344,2344,7.5,7.5,No
4345,2345,6.5,5.3,Yes
4346,2346,7.4,5.4,Yes
4347,2347,6.2,4.1,Yes
4348,2348,6.8,9.3,Yes
4349,2349,8.8,5.2,Yes
4350,2350,6.2,5.8,No
4351,2351,6.9,4.5,Yes
4352,2352,8.7,6.6,Yes
4353,2353,5.8,8.1,Yes
4354,2354,6.2,8.2,Yes
4355,2355,7.5,5.4,Yes
4356,2356,8.3,8.5,Yes
4357,2357,8.8,5.0,Yes
4358,2358,7.6,4.1,No
4359,2359,7.1,6.9,Yes
4360,2360,10.0,9.0,No
4361,2361,5.0,4.3,No
4362,2362,8.1,4.9,Yes
4363,2363,5.0,4.6,Yes
4364,2364,6.2,8.2,Yes
4365,2365,7.5,7.0,No
4366,2366,6.6,4.3,Yes
4367,2367,7.7,6.7,Yes
4368,2368,4.4,7.0,No
4369,2369,5.9,7.0,No
4370,2370,4.8,7.3,Yes
4371,2371,8.3,6.9,No
4372,2372,9.7,7.2,Yes
4373,2373,6.7,9.4,No
4374,2374,5.9,4.2,Yes
4375,2375,5.7,6.2,Yes
4376,2376,5.7,5.1,Yes
4377,2377,6.2,5.3,Yes
4378,2378,7.4,4.6,Yes
4379,2379,4.6,7.3,No
4380,2380,8.2,7.0,Yes
4381,2381,8.4,6.9,Yes
4382,2382,7.3,8.8,No
4383,2383,5.3,4.6,No
4384,2384,6.9,8.9,Yes
4385,2385,5.9,8.5,Yes
4386,2386,7.9,4.8,No
4387,2387,4.0,4.7,Yes
4388,2388,7.5,4.4,No
4389,2389,4.4,6.6,Yes
4390,2390,7.4,8.5,Yes
4391,2391,6.9,9.4,Yes
4392,2392,7.5,4.8,Yes
4393,2393,7.8,5.6,Yes
4394,2394,6.4,8.4,Yes
4395,2395,6.2,6.8,No
4396,2396,6.7,6.4,Yes
4397,2397,7.2,8.2,Yes
4398,2398,9.3,6.5,Yes
4399,2399,7.7,8.8,Yes
4400,2400,6.8,8.3,Yes
4401,2401,5.3,7.4,Yes
4402,2402,7.9,4.3,Yes
4403,2403,8.4,7.3,Yes
4404,2404,7.1,4.8,Yes
4405,2405,7.4,8.1,Yes
4406,2406,6.1,8.5,Yes
4407,2407,6.1,5.9,No
4408,2408,6.4,7.8,Yes
4409,2409,4.1,8.5,Yes
4410,2410,3.0,7.7,Yes
4411,2411,5.7,8.5,No
4412,2412,8.2,6.2,No
4413,2413,6.5,9.0,No
4414,2414,8.7,8.6,Yes
4415,2415,8.7,4.1,Yes
4416,2416,7.3,4.5,Yes
4417,2417,5.9,6.6,Yes
4418,2418,4.3,7.6,Yes
4419,2419,4.6,5.3,Yes
4420,2420,7.7,5.3,Yes
4421,2421,7.5,7.4,Yes
4422,2422,5.3,6.2,Yes
4423,2423,7.9,9.4,Yes
4424,2424,5.9,6.2,Yes
4425,2425,8.6,7.8,No
4426,2426,4.7,7.6,Yes
4427,2427,6.3,4.8,Yes
4428,2428,8.2,5.9,Yes
4429,2429,5.0,8.1,No
4430,2430,8.7,8.4,Yes
4431,2431,6.0,4.7,Yes
4432,2432,6.7,4.8,No
4433,2433,10.0,9.3,No
4434,2434,8.4,4.3,Yes
4435,2435,7.1,4.6,Yes
4436,2436,6.5,8.7,No
4437,2437,5.5,7.3,No
4438,2438,7.6,9.3,Yes
4439,2439,6.0,4.4,Yes
4440,2440,8.3,6.9,Yes
4441,2441,7.2,5.2,No
4442,2442,6.7,4.5,No
4443,2443,4.5,4.9,Yes
4444,2444,6.9,4.6,Yes
4445,2445,5.1,8.7,Yes
4446,2446,8.0,8.2,Yes
4447,2447,4.7,5.2,Yes
4448,2448,5.7,8.7,Yes
4449,2449,6.3,8.3,Yes
4450,2450,3.9,8.0,Yes
4451,2451,7.5,8.6,No
4452,2452,6.1,8.1,Yes
4453,2453,6.9,6.0,No
4454,2454,6.9,5.0,Yes
4455,2455,5.0,4.0,Yes
4456,2456,7.0,7.1,Yes
4457,2457,8.2,9.1,Yes
4458,2458,8.3,8.0,Yes
4459,2459,6.0,8.9,No
4460,2460,7.3,8.7,No
4461,2461,4.2,5.6,Yes
4462,2462,6.1,5.7,Yes
4463,2463,8.4,7.8,Yes
4464,2464,6.2,8.6,No
4465,2465,6.4,4.0,Yes
4466,2466,3.1,7.3,No
4467,2467,3.0,9.4,Yes
4468,2468,6.2,9.1,Yes
4469,2469,7.1,4.9,No
4470,2470,6.5,4.3,Yes
4471,2471,3.0,7.5,Yes
4472,2472,6.0,6.9,Yes
4473,2473,7.8,6.6,No
4474,2474,6.3,7.7,Yes
4475,2475,3.6,4.5,Yes
4476,2476,5.9,8.4,Yes
4477,2477,5.4,8.6,Yes
4478,2478,5.8,8.6,No
4479,2479,6.9,8.5,Yes
4480,2480,6.8,5.3,Yes
4481,2481,4.3,9.1,No
4482,2482,5.8,7.1,Yes
4483,2483,6.6,9.4,No
4484,2484,4.8,6.3,No
4485,2485,6.8,7.2,Yes
4486,2486,5.2,6.8,Yes
4487,2487,10.0,8.3,Yes
4488,2488,7.8,4.8,Yes
4489,2489,8.6,4.2,Yes
4490,2490,7.8,7.9,Yes
4491,2491,6.5,5.4,Yes
4492,2492,7.8,4.8,Yes
4493,2493,7.0,5.6,Yes
4494,2494,6.9,4.1,Yes
4495,2495,6.1,4.2,Yes
4496,2496,4.8,6.9,No
4497,2497,5.3,6.6,Yes
4498,2498,7.3,5.6,No
4499,2499,7.7,4.5,Yes
4500,2500,6.9,4.4,No
4501,2501,6.4,5.6,Yes
4502,2502,7.0,5.6,No
4503,2503,6.2,8.4,Yes
4504,2504,6.5,6.7,Yes
4505,2505,7.2,4.2,No
4506,2506,8.8,5.8,Yes
4507,2507,8.5,8.4,Yes
4508,2508,7.0,4.4,Yes
4509,2509,6.1,7.7,No
4510,2510,6.4,5.4,Yes
4511,2511,3.5,7.8,No
4512,2512,7.3,7.2,Yes
4513,2513,5.6,7.5,Yes
4514,2514,7.2,8.2,Yes
4515,2515,7.9,6.2,Yes
4516,2516,4.2,4.2,No
4517,2517,6.4,7.8,Yes
4518,2518,5.0,4.5,Yes
4519,2519,5.8,7.3,No
4520,2520,8.0,4.9,Yes
4521,2521,8.6,4.1,Yes
4522,2522,7.5,4.9,Yes
4523,2523,6.5,6.3,No
4524,2524,7.6,6.7,Yes
4525,2525,5.0,4.1,No
4526,2526,8.7,8.9,Yes
4527,2527,5.8,7.5,Yes
4528,2528,5.3,8.9,Yes
4529,2529,7.3,7.7,Yes
4530,2530,5.3,7.2,Yes
4531,2531,5.9,6.9,No
4532,2532,6.6,9.4,Yes
4533,2533,5.0,5.0,No
4534,2534,5.2,9.0,No
4535,2535,7.0,6.1,Yes
4536,2536,7.7,5.1,Yes
4537,2537,5.4,4.3,No
4538,2538,6.7,6.6,Yes
4539,2539,6.0,5.7,Yes
4540,2540,7.3,5.9,No
4541,2541,7.0,6.2,No
4542,2542,6.9,9.1,No
4543,2543,5.5,7.6,Yes
4544,2544,6.2,6.7,No
4545,2545,6.8,4.3,No
4546,2546,6.1,6.1,Yes
4547,2547,5.4,7.1,Yes
4548,2548,6.9,5.4,Yes
4549,2549,4.6,4.8,Yes
4550,2550,8.4,6.1,Yes
4551,2551,6.8,8.3,Yes
4552,2552,6.3,5.4,Yes
4553,2553,8.4,5.3,Yes
4554,2554,6.6,7.2,No
4555,2555,4.3,5.9,Yes
4556,2556,5.7,8.0,Yes
4557,2557,6.8,6.5,Yes
4558,2558,6.4,8.3,Yes
4559,2559,7.5,9.1,No
4560,2560,4.6,4.9,Yes
4561,2561,4.4,7.3,Yes
4562,2562,6.0,8.7,No
4563,2563,7.7,7.9,Yes
4564,2564,5.9,5.4,Yes
4565,2565,6.3,8.9,Yes
4566,2566,7.2,5.5,Yes
4567,2567,5.1,8.3,Yes
4568,2568,4.3,9.4,No
4569,2569,6.2,5.3,Yes
4570,2570,3.5,9.4,Yes
4571,2571,6.2,7.4,Yes
4572,2572,7.5,6.4,No
4573,2573,6.4,4.2,Yes
4574,2574,6.6,6.0,Yes
4575,2575,7.1,8.0,Yes
4576,2576,7.1,4.4,Yes
4577,2577,7.0,4.1,Yes
4578,2578,8.3,4.3,No
4579,2579,7.2,8.0,Yes
4580,2580,8.5,4.9,Yes
4581,2581,6.9,5.8,Yes
4582,2582,5.7,4.5,Yes
4583,2583,5.6,4.8,Yes
4584,2584,9.4,7.0,Yes
4585,2585,7.8,7.9,Yes
4586,2586,6.2,8.5,Yes
4587,2587,7.4,7.9,Yes
4588,2588,7.4,4.5,Yes
4589,2589,9.2,4.5,Yes
4590,2590,7.6,6.5,Yes
4591,2591,3.0,4.2,Yes
4592,2592,5.4,6.2,Yes
4593,2593,5.9,7.9,Yes
4594,2594,6.4,9.1,Yes
4595,2595,7.1,7.2,Yes
4596,2596,6.1,9.3,Yes
4597,2597,5.7,4.7,Yes
4598,2598,4.6,8.4,Yes
4599,2599,7.1,8.9,Yes
4600,2600,6.4,8.4,No
4601,2601,3.9,4.1,No
4602,2602,6.5,6.1,Yes
4603,2603,6.1,4.3,Yes
4604,2604,6.3,5.1,No
4605,2605,6.2,4.8,No
4606,2606,5.5,5.2,Yes
4607,2607,6.9,8.3,Yes
4608,2608,6.7,5.6,Yes
4609,2609,5.0,8.9,No
4610,2610,7.2,5.3,Yes
4611,2611,9.3,5.6,Yes
4612,2612,7.0,7.0,Yes
4613,2613,7.2,4.4,No
4614,2614,8.5,4.3,Yes
4615,2615,7.0,5.3,Yes
4616,2616,6.1,4.8,Yes
4617,2617,8.6,5.8,No
4618,2618,5.6,5.6,Yes
4619,2619,3.8,8.5,Yes
4620,2620,5.0,7.3,Yes
4621,2621,4.5,7.8,Yes
4622,2622,7.2,7.4,Yes
4623,2623,6.3,8.0,No
4624,2624,7.6,5.1,Yes
4625,2625,7.2,7.5,Yes
4626,2626,7.9,6.5,Yes
4627,2627,8.1,5.7,No
4628,2628,3.9,7.4,Yes
4629,2629,6.3,7.7,No
4630,2630,5.4,7.1,Yes
4631,2631,6.8,7.4,No
4632,2632,8.6,4.3,Yes
4633,2633,6.9,8.0,No
4634,2634,7.0,9.1,Yes
4635,2635,6.1,6.9,Yes
4636,2636,7.0,7.7,No
4637,2637,3.7,5.1,Yes
4638,2638,3.5,7.4,Yes
4639,2639,6.0,5.2,Yes
4640,2640,6.3,6.5,Yes
4641,2641,5.0,7.2,Yes
4642,2642,6.8,5.9,No
4643,2643,6.0,4.2,Yes
4644,2644,6.7,7.7,No
4645,2645,5.8,7.2,Yes
4646,2646,5.4,8.3,No
4647,2647,4.6,5.3,Yes
4648,2648,5.4,6.8,No
4649,2649,6.2,8.4,No
4650,2650,8.0,8.4,Yes
4651,2651,8.6,5.6,Yes
4652,2652,4.2,6.4,Yes
4653,2653,6.3,8.0,Yes
4654,2654,7.9,9.3,No
4655,2655,5.9,7.6,Yes
4656,2656,6.6,7.7,Yes
4657,2657,5.0,7.3,Yes
4658,2658,6.6,8.3,Yes
4659,2659,7.6,7.4,Yes
4660,2660,3.8,6.7,Yes
4661,2661,7.2,9.5,No
4662,2662,5.2,5.5,Yes
4663,2663,6.1,6.7,Yes
4664,2664,7.2,4.2,Yes
4665,2665,5.1,4.9,Yes
4666,2666,7.5,4.2,Yes
4667,2667,9.0,6.6,Yes
4668,2668,6.8,4.5,No
4669,2669,5.3,8.3,Yes
4670,2670,6.9,4.2,Yes
4671,2671,6.2,6.1,Yes
4672,2672,9.7,5.9,No
4673,2673,7.0,8.1,Yes
4674,2674,7.6,5.3,No
4675,2675,7.9,6.7,Yes
4676,2676,7.8,5.6,Yes
4677,2677,8.3,8.0,Yes
4678,2678,4.7,4.8,No
4679,2679,5.2,7.6,No
4680,2680,6.1,4.7,Yes
4681,2681,7.1,6.8,Yes
4682,2682,8.1,6.0,Yes
4683,2683,4.5,4.9,Yes
4684,2684,6.4,6.3,No
4685,2685,7.6,8.5,Yes
4686,2686,5.8,4.5,Yes
4687,2687,7.8,8.3,No
4688,2688,6.2,6.6,Yes
4689,2689,4.9,5.6,No
4690,2690,5.7,6.6,Yes
4691,2691,7.2,7.5,Yes
4692,2692,6.9,4.3,Yes
4693,2693,5.2,5.8,Yes
4694,2694,7.9,5.3,Yes
4695,2695,8.4,7.1,Yes
4696,2696,6.3,8.2,Yes
4697,2697,8.2,7.0,Yes
4698,2698,7.3,8.4,Yes
4699,2699,5.3,8.7,No
4700,2700,6.6,7.2,Yes
4701,2701,8.2,8.3,Yes
4702,2702,7.3,8.0,Yes
4703,2703,6.7,7.2,Yes
4704,2704,6.0,4.2,No
4705,2705,5.4,9.4,No
4706,2706,8.5,5.4,No
4707,2707,5.6,7.5,No
4708,2708,7.8,9.4,Yes
4709,2709,3.8,6.7,Yes
4710,2710,5.0,5.6,No
4711,2711,7.3,4.9,No
4712,2712,5.5,8.3,Yes
4713,2713,6.0,8.4,No
4714,2714,8.2,9.0,No
4715,2715,6.2,5.2,Yes
4716,2716,3.5,6.8,Yes
4717,2717,6.7,6.5,No
4718,2718,7.6,4.5,Yes
4719,2719,6.2,8.4,No
4720,2720,7.4,5.6,Yes
4721,2721,7.2,8.6,No
4722,2722,6.4,7.2,Yes
4723,2723,8.1,9.0,Yes
4724,2724,6.3,5.1,Yes
4725,2725,6.2,8.1,Yes
4726,2726,8.1,9.0,Yes
4727,2727,7.3,7.8,Yes
4728,2728,5.8,6.3,Yes
4729,2729,6.1,5.2,Yes
4730,2730,6.1,6.2,Yes
4731,2731,9.6,9.5,Yes
4732,2732,5.9,6.8,No
4733,2733,8.6,7.1,Yes
4734,2734,6.4,7.3,Yes
4735,2735,6.4,8.4,Yes
4736,2736,6.3,8.6,Yes
4737,2737,7.7,5.9,No
4738,2738,6.6,9.1,Yes
4739,2739,7.1,5.0,Yes
4740,2740,5.4,5.6,Yes
4741,2741,6.2,8.1,Yes
4742,2742,6.4,7.8,Yes
4743,2743,5.9,6.9,Yes
4744,2744,6.5,6.3,Yes
4745,2745,7.4,6.3,Yes
4746,2746,7.9,4.7,Yes
4747,2747,6.4,7.7,No
4748,2748,8.0,9.1,No
4749,2749,3.4,6.3,Yes
4750,2750,7.8,5.3,Yes
4751,2751,4.4,4.3,Yes
4752,2752,6.1,5.0,Yes
4753,2753,6.2,5.7,Yes
4754,2754,7.4,6.7,No
4755,2755,6.1,4.0,Yes
4756,2756,4.6,5.8,Yes
4757,2757,6.8,7.9,No
4758,2758,9.5,7.5,No
4759,2759,6.4,7.2,No
4760,2760,8.9,4.4,Yes
4761,2761,8.4,6.0,Yes
4762,2762,5.9,8.0,Yes
4763,2763,6.5,9.0,No
4764,2764,5.0,4.7,No
4765,2765,7.5,6.6,No
4766,2766,8.0,6.0,Yes
4767,2767,6.5,5.9,No
4768,2768,5.5,7.4,Yes
4769,2769,7.9,9.4,Yes
4770,2770,7.8,6.9,Yes
4771,2771,5.1,4.1,No
4772,2772,4.0,5.1,No
4773,2773,6.6,7.8,Yes
4774,2774,6.8,7.9,No
4775,2775,7.8,6.1,No
4776,2776,8.3,8.1,Yes
4777,2777,5.5,4.3,Yes
4778,2778,7.3,4.2,No
4779,2779,5.2,9.2,Yes
4780,2780,7.8,8.5,No
4781,2781,6.9,4.9,Yes
4782,2782,9.9,9.3,Yes
4783,2783,10.0,4.0,Yes
4784,2784,7.8,4.2,Yes
4785,2785,7.8,8.8,Yes
4786,2786,7.0,6.8,Yes
4787,2787,5.7,4.3,No
4788,2788,7.1,6.8,No
4789,2789,4.6,6.9,Yes
4790,2790,6.9,8.4,No
4791,2791,7.3,9.2,Yes
4792,2792,6.2,7.8,No
4793,2793,4.8,5.5,Yes
4794,2794,6.9,5.0,No
4795,2795,3.8,4.5,Yes
4796,2796,8.4,4.6,Yes
4797,2797,6.7,6.1,Yes
4798,2798,7.7,7.8,Yes
4799,2799,7.8,6.3,Yes
4800,2800,4.9,4.2,Yes
4801,2801,6.7,8.5,Yes
4802,2802,6.4,5.8,No
4803,2803,6.1,7.6,Yes
4804,2804,8.1,9.3,Yes
4805,2805,6.6,6.5,No
4806,2806,5.5,8.7,Yes
4807,2807,4.5,6.3,No
4808,2808,3.2,5.9,Yes
4809,2809,8.2,8.1,No
4810,2810,4.4,8.1,No
4811,2811,6.6,6.9,No
4812,2812,9.1,8.4,Yes
4813,2813,6.0,9.5,Yes
4814,2814,6.2,9.1,Yes
4815,2815,5.1,7.9,Yes
4816,2816,7.5,7.8,No
4817,2817,7.7,6.4,Yes
4818,2818,5.4,4.9,No
4819,2819,6.3,7.6,Yes
4820,2820,5.9,6.7,Yes
4821,2821,9.2,9.4,No
4822,2822,8.2,7.7,Yes
4823,2823,6.8,5.3,No
4824,2824,6.6,4.8,No
4825,2825,4.8,8.1,No
4826,2826,8.7,4.8,Yes
4827,2827,5.7,7.8,Yes
4828,2828,9.2,7.2,Yes
4829,2829,5.8,5.5,No
4830,2830,4.1,5.0,Yes
4831,2831,6.5,6.2,Yes
4832,2832,6.9,6.6,Yes
4833,2833,8.3,6.6,Yes
4834,2834,4.6,9.0,No
4835,2835,8.7,9.2,No
4836,2836,5.9,9.3,Yes
4837,2837,8.1,4.9,Yes
4838,2838,3.9,7.1,Yes
4839,2839,3.4,4.9,No
4840,2840,5.5,5.5,Yes
4841,2841,4.8,8.8,No
4842,2842,7.3,6.3,Yes
4843,2843,8.1,8.3,Yes
4844,2844,4.7,7.5,Yes
4845,2845,6.8,9.0,Yes
4846,2846,6.0,6.8,No
4847,2847,3.9,8.1,No
4848,2848,5.7,7.5,Yes
4849,2849,7.5,4.3,Yes
4850,2850,8.3,9.2,Yes
4851,2851,8.9,9.1,Yes
4852,2852,6.5,7.7,Yes
4853,2853,8.9,4.4,No
4854,2854,5.8,5.2,No
4855,2855,7.6,4.9,Yes
4856,2856,9.4,8.1,Yes
4857,2857,5.4,7.3,Yes
4858,2858,4.7,4.9,No
4859,2859,6.8,8.7,Yes
4860,2860,5.3,7.6,Yes
4861,2861,6.4,4.7,No
4862,2862,4.5,5.0,No
4863,2863,5.3,7.8,No
4864,2864,7.0,9.0,Yes
4865,2865,4.8,8.6,Yes
4866,2866,6.6,4.3,No
4867,2867,8.5,4.6,Yes
4868,2868,6.8,5.6,Yes
4869,2869,7.6,7.2,Yes
4870,2870,7.9,7.4,Yes
4871,2871,7.3,7.8,Yes
4872,2872,5.3,4.4,Yes
4873,2873,3.3,5.6,Yes
4874,2874,4.7,7.0,No
4875,2875,5.4,9.1,Yes
4876,2876,6.3,6.5,Yes
4877,2877,7.9,7.9,Yes
4878,2878,6.1,9.2,Yes
4879,2879,5.3,4.5,Yes
4880,2880,5.4,5.5,No
4881,2881,6.8,6.2,No
4882,2882,6.9,7.3,No
4883,2883,6.6,5.2,No
4884,2884,7.1,5.9,Yes
4885,2885,7.4,4.3,Yes
4886,2886,6.1,5.6,Yes
4887,2887,7.9,8.1,Yes
4888,2888,6.6,5.5,Yes
4889,2889,6.3,8.0,Yes
4890,2890,6.9,7.5,Yes
4891,2891,7.2,4.0,Yes
4892,2892,6.6,5.6,Yes
4893,2893,3.0,6.2,Yes
4894,2894,6.0,8.8,Yes
4895,2895,7.7,7.0,Yes
4896,2896,7.1,7.4,No
4897,2897,7.7,6.6,No
4898,2898,7.7,7.5,No
4899,2899,7.7,9.0,Yes
4900,2900,6.2,5.0,Yes
4901,2901,6.4,4.8,Yes
4902,2902,7.9,6.3,Yes
4903,2903,6.4,7.5,Yes
4904,2904,6.6,4.7,Yes
4905,2905,7.5,4.4,Yes
4906,2906,8.5,8.7,Yes
4907,2907,6.7,5.9,Yes
4908,2908,8.1,9.1,Yes
4909,2909,5.6,7.3,Yes
4910,2910,5.3,4.6,Yes
4911,2911,6.1,6.4,No
4912,2912,7.8,4.6,Yes
4913,2913,8.3,5.2,Yes
4914,2914,6.6,8.6,Yes
4915,2915,6.9,7.7,Yes
4916,2916,3.8,4.3,Yes
4917,2917,8.2,6.8,No
4918,2918,5.3,6.4,No
4919,2919,7.6,8.1,Yes
4920,2920,7.1,7.1,Yes
4921,2921,7.7,4.1,Yes
4922,2922,8.2,5.7,No
4923,2923,4.4,4.5,Yes
4924,2924,7.0,4.6,No
4925,2925,6.3,4.1,Yes
4926,2926,6.5,8.6,Yes
4927,2927,6.8,9.1,Yes
4928,2928,6.3,8.8,Yes
4929,2929,7.7,6.5,No
4930,2930,7.1,5.6,No
4931,2931,4.2,7.5,Yes
4932,2932,6.1,4.9,Yes
4933,2933,7.0,8.7,No
4934,2934,7.4,9.5,Yes
4935,2935,6.7,5.8,Yes
4936,2936,8.5,4.0,Yes
4937,2937,8.3,4.2,No
4938,2938,5.5,5.1,Yes
4939,2939,5.3,7.9,Yes
4940,2940,6.7,4.6,Yes
4941,2941,9.4,6.9,Yes
4942,2942,3.6,6.8,Yes
4943,2943,5.7,5.1,Yes
4944,2944,8.6,5.1,Yes
4945,2945,6.4,6.0,Yes
4946,2946,9.1,7.3,Yes
4947,2947,7.4,6.7,Yes
4948,2948,8.7,7.6,Yes
4949,2949,6.4,4.2,Yes
4950,2950,6.6,8.2,Yes
4951,2951,5.6,8.9,Yes
4952,2952,6.5,4.2,No
4953,2953,5.1,8.0,Yes
4954,2954,6.6,4.3,Yes
4955,2955,6.7,4.2,No
4956,2956,7.7,8.2,Yes
4957,2957,6.7,4.8,Yes
4958,2958,6.0,8.2,Yes
4959,2959,6.0,4.9,Yes
4960,2960,4.7,5.7,Yes
4961,2961,6.7,7.5,No
4962,2962,6.2,6.6,Yes
4963,2963,7.6,6.1,Yes
4964,2964,6.5,6.9,Yes
4965,2965,7.2,5.4,No
4966,2966,6.5,4.7,Yes
4967,2967,7.0,7.7,Yes
4968,2968,8.8,4.3,Yes
4969,2969,6.4,7.4,Yes
4970,2970,6.3,4.9,No
4971,2971,7.0,4.5,Yes
4972,2972,6.4,8.1,Yes
4973,2973,4.2,7.8,Yes
4974,2974,5.1,8.6,Yes
4975,2975,6.3,6.9,No
4976,2976,6.3,4.2,Yes
4977,2977,6.4,4.2,Yes
4978,2978,8.7,5.3,No
4979,2979,7.8,8.8,No
4980,2980,10.0,8.9,Yes
4981,2981,5.1,8.6,Yes
4982,2982,6.9,5.0,No
4983,2983,7.6,8.5,Yes
4984,2984,6.8,6.2,No
4985,2985,6.9,9.3,Yes
4986,2986,6.7,9.1,No
4987,2987,6.0,5.9,Yes
4988,2988,8.1,7.0,Yes
4989,2989,8.7,6.9,Yes
4990,2990,7.3,8.4,Yes
4991,2991,5.7,5.5,Yes
4992,2992,7.8,9.2,Yes
4993,2993,6.8,4.3,Yes
4994,2994,7.4,8.4,Yes
4995,2995,5.4,9.3,Yes
4996,2996,6.1,4.2,No
4997,2997,7.3,4.8,Yes
4998,2998,4.8,6.4,Yes
4999,2999,5.6,4.1,Yes
5000,3000,7.9,8.7,Yes
5001,3001,7.4,8.7,Yes
5002,3002,3.1,7.2,No
5003,3003,4.4,9.5,Yes
5004,3004,5.9,6.9,No
5005,3005,6.7,7.9,No
5006,3006,8.8,4.5,Yes
5007,3007,5.7,8.5,No
5008,3008,5.6,5.9,Yes
5009,3009,8.4,4.9,No
5010,3010,7.1,8.1,Yes
5011,3011,8.3,4.8,Yes
5012,3012,5.0,8.6,Yes
5013,3013,6.3,5.5,Yes
5014,3014,7.8,4.1,Yes
5015,3015,6.1,9.1,Yes
5016,3016,7.6,7.3,No
5017,3017,4.9,4.2,Yes
5018,3018,7.1,6.9,No
5019,3019,8.2,5.0,Yes
5020,3020,4.5,6.7,No
5021,3021,6.9,8.7,Yes
5022,3022,7.5,8.8,Yes
5023,3023,6.4,6.6,Yes
5024,3024,6.5,8.5,Yes
5025,3025,5.7,6.1,Yes
5026,3026,5.8,8.8,Yes
5027,3027,5.8,9.3,No
5028,3028,6.8,7.6,Yes
5029,3029,7.1,8.1,Yes
5030,3030,3.7,8.0,Yes
5031,3031,7.5,7.2,Yes
5032,3032,4.3,7.4,Yes
5033,3033,7.6,8.1,Yes
5034,3034,3.7,4.2,Yes
5035,3035,6.7,6.9,No
5036,3036,7.7,8.7,Yes
5037,3037,5.2,4.1,Yes
5038,3038,7.4,7.5,No
5039,3039,5.3,8.4,Yes
5040,3040,5.5,8.6,Yes
5041,3041,9.0,5.8,Yes
5042,3042,6.3,6.8,Yes
5043,3043,5.6,6.4,Yes
5044,3044,7.6,6.4,No
5045,3045,3.5,8.3,No
5046,3046,6.1,5.6,Yes
5047,3047,5.9,5.5,Yes
5048,3048,6.9,4.4,Yes
5049,3049,5.7,8.9,Yes
5050,3050,7.1,4.2,Yes
5051,3051,4.5,7.6,Yes
5052,3052,7.9,8.3,No
5053,3053,6.3,5.7,No
5054,3054,7.6,7.2,Yes
5055,3055,3.8,7.8,Yes
5056,3056,7.2,5.6,Yes
5057,3057,3.9,5.0,No
5058,3058,6.4,7.7,Yes
5059,3059,7.7,6.0,Yes
5060,3060,3.9,7.7,Yes
5061,3061,6.8,6.8,No
5062,3062,5.0,5.5,Yes
5063,3063,3.9,9.3,Yes
5064,3064,5.5,4.6,Yes
5065,3065,7.1,8.3,Yes
5066,3066,3.0,6.8,Yes
5067,3067,8.9,7.3,No
5068,3068,4.8,8.3,Yes
5069,3069,7.7,5.3,Yes
5070,3070,7.5,9.4,Yes
5071,3071,8.5,4.6,Yes
5072,3072,5.5,6.8,Yes
5073,3073,7.2,9.2,No
5074,3074,9.1,8.8,Yes
5075,3075,7.5,7.7,Yes
5076,3076,4.0,6.1,Yes
5077,3077,7.5,7.3,Yes
5078,3078,7.5,7.9,Yes
5079,3079,7.2,9.1,No
5080,3080,7.5,9.4,Yes
5081,3081,6.0,7.7,Yes
5082,3082,8.9,5.6,Yes
5083,3083,5.9,5.1,No
5084,3084,6.1,5.5,Yes
5085,3085,6.8,7.3,Yes
5086,3086,6.2,8.2,No
5087,3087,8.2,8.5,Yes
5088,3088,8.5,8.3,Yes
5089,3089,5.1,4.7,No
5090,3090,7.7,8.9,Yes
5091,3091,6.3,5.2,Yes
5092,3092,4.7,5.3,Yes
5093,3093,5.8,6.8,Yes
5094,3094,8.9,5.2,No
5095,3095,4.6,5.8,Yes
5096,3096,4.1,4.2,No
5097,3097,8.1,5.0,Yes
5098,3098,8.9,8.4,Yes
5099,3099,6.0,6.1,Yes
5100,3100,7.1,5.8,Yes
5101,3101,7.7,8.5,Yes
5102,3102,8.3,8.1,Yes
5103,3103,5.9,4.1,Yes
5104,3104,6.2,5.1,Yes
5105,3105,6.9,5.5,Yes
5106,3106,5.7,8.9,Yes
5107,3107,7.0,5.3,Yes
5108,3108,8.9,7.1,No
5109,3109,6.4,5.0,Yes
5110,3110,7.4,4.9,Yes
5111,3111,6.3,6.6,No
5112,3112,5.8,4.3,No
5113,3113,8.0,5.2,Yes
5114,3114,6.5,5.4,No
5115,3115,8.0,4.4,Yes
5116,3116,5.6,8.0,Yes
5117,3117,6.7,6.0,No
5118,3118,6.5,8.2,Yes
5119,3119,7.7,9.4,No
5120,3120,4.9,9.3,Yes
5121,3121,7.9,6.6,Yes
5122,3122,7.8,6.7,Yes
5123,3123,6.3,7.6,No
5124,3124,6.8,8.7,Yes
5125,3125,6.8,9.0,Yes
5126,3126,7.2,8.6,No
5127,3127,7.3,4.6,No
5128,3128,8.2,5.4,Yes
5129,3129,5.8,7.2,No
5130,3130,7.4,7.9,Yes
5131,3131,7.8,8.5,Yes
5132,3132,6.9,5.9,No
5133,3133,5.1,8.2,Yes
5134,3134,4.7,7.7,Yes
5135,3135,9.7,8.7,Yes
5136,3136,8.3,5.5,Yes
5137,3137,6.8,7.6,Yes
5138,3138,7.9,7.0,No
5139,3139,6.1,8.4,Yes
5140,3140,6.8,9.5,Yes
5141,3141,9.5,6.0,No
5142,3142,7.3,5.0,No
5143,3143,8.4,5.2,Yes
5144,3144,4.5,4.1,Yes
5145,3145,9.2,6.1,No
5146,3146,5.5,7.0,Yes
5147,3147,5.1,5.4,Yes
5148,3148,5.8,5.7,No
5149,3149,8.1,6.5,Yes
5150,3150,5.2,8.7,Yes
5151,3151,5.6,9.3,No
5152,3152,4.0,6.6,No
5153,3153,6.2,9.5,Yes
5154,3154,8.5,9.1,Yes
5155,3155,5.2,7.4,Yes
5156,3156,3.6,8.5,No
5157,3157,6.3,8.5,Yes
5158,3158,5.4,5.7,No
5159,3159,7.2,5.5,Yes
5160,3160,4.7,4.3,Yes
5161,3161,5.2,5.7,Yes
5162,3162,4.8,6.6,Yes
5163,3163,6.4,6.4,Yes
5164,3164,5.9,5.2,No
5165,3165,6.8,4.7,No
5166,3166,7.0,6.7,Yes
5167,3167,7.6,5.6,Yes
5168,3168,6.4,4.4,No
5169,3169,5.0,6.7,No
5170,3170,5.6,7.8,Yes
5171,3171,7.1,7.8,Yes
5172,3172,4.0,4.3,Yes
5173,3173,6.0,7.9,Yes
5174,3174,5.1,7.2,Yes
5175,3175,7.0,8.4,Yes
5176,3176,5.0,9.1,No
5177,3177,7.8,4.6,Yes
5178,3178,6.8,4.0,Yes
5179,3179,5.2,6.3,Yes
5180,3180,5.2,9.4,Yes
5181,3181,5.9,7.5,Yes
5182,3182,6.0,6.4,Yes
5183,3183,6.4,7.2,Yes
5184,3184,7.0,8.0,Yes
5185,3185,7.0,8.0,Yes
5186,3186,7.5,5.3,Yes
5187,3187,8.9,6.9,Yes
5188,3188,7.1,6.3,No
5189,3189,6.5,7.0,Yes
5190,3190,10.0,6.3,No
5191,3191,5.7,5.5,Yes
5192,3192,6.7,6.4,Yes
5193,3193,6.6,5.1,Yes
5194,3194,8.7,9.2,Yes
5195,3195,5.9,8.8,Yes
5196,3196,5.4,5.4,Yes
5197,3197,6.8,7.8,Yes
5198,3198,7.3,4.7,No
5199,3199,7.2,8.8,Yes
5200,3200,7.1,8.0,Yes
5201,3201,4.6,4.9,No
5202,3202,5.7,4.7,Yes
5203,3203,5.2,8.4,Yes
5204,3204,7.7,8.4,Yes
5205,3205,5.8,5.3,Yes
5206,3206,6.0,6.5,No
5207,3207,8.2,5.2,Yes
5208,3208,5.2,6.3,Yes
5209,3209,5.4,8.4,Yes
5210,3210,3.5,8.9,Yes
5211,3211,6.3,5.8,Yes
5212,3212,4.8,4.7,Yes
5213,3213,6.9,8.0,Yes
5214,3214,7.1,9.3,Yes
5215,3215,5.9,5.0,Yes
5216,3216,9.6,5.2,Yes
5217,3217,8.1,7.5,Yes
5218,3218,6.3,5.3,Yes
5219,3219,6.9,7.3,Yes
5220,3220,7.8,6.8,Yes
5221,3221,6.5,4.1,No
5222,3222,7.0,6.5,Yes
5223,3223,3.0,5.5,Yes
5224,3224,4.1,4.7,Yes
5225,3225,8.6,6.9,Yes
5226,3226,4.9,4.7,Yes
5227,3227,6.4,5.9,No
5228,3228,8.4,6.1,Yes
5229,3229,6.4,4.1,No
5230,3230,7.3,8.7,No
5231,3231,8.8,8.5,Yes
5232,3232,8.7,9.0,Yes
5233,3233,7.1,7.9,No
5234,3234,7.0,4.7,Yes
5235,3235,7.4,5.0,Yes
5236,3236,6.1,8.7,Yes
5237,3237,4.9,5.9,Yes
5238,3238,7.6,6.1,Yes
5239,3239,7.4,4.5,Yes
5240,3240,3.3,4.2,No
5241,3241,4.9,5.7,Yes
5242,3242,7.5,4.3,Yes
5243,3243,5.3,4.9,Yes
5244,3244,7.3,5.3,Yes
5245,3245,5.4,6.3,Yes
5246,3246,7.7,5.9,Yes
5247,3247,5.1,8.1,No
5248,3248,8.2,5.6,Yes
5249,3249,4.4,5.7,Yes
5250,3250,3.0,5.7,Yes
5251,3251,7.5,7.5,Yes
5252,3252,5.3,5.3,No
5253,3253,4.0,7.4,No
5254,3254,7.7,9.2,Yes
5255,3255,6.3,8.3,Yes
5256,3256,7.4,4.2,Yes
5257,3257,5.6,7.6,Yes
5258,3258,6.3,6.7,Yes
5259,3259,3.8,9.0,Yes
5260,3260,6.0,5.2,Yes
5261,3261,6.8,8.8,No
5262,3262,9.3,5.8,No
5263,3263,8.0,5.8,Yes
5264,3264,7.2,4.4,No
5265,3265,5.6,6.1,Yes
5266,3266,7.0,7.0,Yes
5267,3267,7.8,9.3,Yes
5268,3268,8.2,7.1,No
5269,3269,7.4,4.0,Yes
5270,3270,6.6,4.1,No
5271,3271,5.2,7.7,Yes
5272,3272,8.1,4.4,No
5273,3273,6.5,8.1,Yes
5274,3274,8.0,8.4,No
5275,3275,7.2,6.0,Yes
5276,3276,4.9,7.8,Yes
5277,3277,8.8,8.3,Yes
5278,3278,7.0,7.4,Yes
5279,3279,5.0,4.7,Yes
5280,3280,6.0,8.0,Yes
5281,3281,6.4,8.7,No
5282,3282,8.2,4.9,Yes
5283,3283,6.3,4.8,Yes
5284,3284,9.1,6.2,Yes
5285,3285,4.1,5.3,No
5286,3286,4.6,6.2,Yes
5287,3287,8.0,8.3,No
5288,3288,4.7,5.0,No
5289,3289,8.1,6.4,No
5290,3290,6.7,8.9,Yes
5291,3291,6.0,5.6,Yes
5292,3292,6.3,5.1,No
5293,3293,7.0,8.6,No
5294,3294,5.8,9.1,Yes
5295,3295,8.0,5.9,Yes
5296,3296,6.7,5.9,Yes
5297,3297,6.3,8.0,Yes
5298,3298,7.4,9.4,Yes
5299,3299,5.7,5.7,Yes
5300,3300,7.6,6.5,No
5301,3301,7.4,6.5,Yes
5302,3302,4.5,4.1,Yes
5303,3303,6.1,5.3,Yes
5304,3304,8.7,5.2,Yes
5305,3305,9.9,8.9,No
5306,3306,8.0,4.4,Yes
5307,3307,7.0,7.3,Yes
5308,3308,8.6,5.4,Yes
5309,3309,8.6,6.6,No
5310,3310,6.3,5.7,Yes
5311,3311,8.6,4.1,Yes
5312,3312,5.3,7.0,Yes
5313,3313,4.9,7.5,Yes
5314,3314,7.0,6.5,Yes
5315,3315,5.6,6.1,No
5316,3316,8.5,8.6,Yes
5317,3317,8.6,6.6,No
5318,3318,4.0,4.8,Yes
5319,3319,8.1,8.3,Yes
5320,3320,6.1,8.1,Yes
5321,3321,4.8,8.6,No
5322,3322,6.8,7.9,Yes
5323,3323,8.2,6.8,Yes
5324,3324,8.8,9.2,Yes
5325,3325,7.4,7.7,Yes
5326,3326,4.9,6.0,Yes
5327,3327,6.0,8.7,Yes
5328,3328,7.0,6.1,Yes
5329,3329,7.2,9.1,Yes
5330,3330,7.3,6.9,Yes
5331,3331,7.3,4.6,Yes
5332,3332,7.0,6.6,Yes
5333,3333,5.8,6.3,Yes
5334,3334,7.4,5.9,Yes
5335,3335,7.4,7.5,Yes
5336,3336,4.9,5.3,Yes
5337,3337,3.8,8.5,Yes
5338,3338,5.8,4.4,Yes
5339,3339,8.0,8.4,No
5340,3340,5.5,6.7,Yes
5341,3341,6.9,5.5,Yes
5342,3342,7.7,6.2,Yes
5343,3343,4.5,5.1,No
5344,3344,4.6,5.7,Yes
5345,3345,7.0,5.2,Yes
5346,3346,5.8,6.6,Yes
5347,3347,8.7,4.2,Yes
5348,3348,6.7,6.4,No
5349,3349,6.5,6.5,Yes
5350,3350,6.3,6.4,Yes
5351,3351,8.6,5.2,Yes
5352,3352,7.3,4.0,Yes
5353,3353,4.3,5.7,No
5354,3354,6.4,6.4,Yes
5355,3355,5.6,5.6,Yes
5356,3356,7.9,6.6,No
5357,3357,6.0,4.1,Yes
5358,3358,4.8,8.6,Yes
5359,3359,5.6,4.5,Yes
5360,3360,7.2,6.0,Yes
5361,3361,5.7,9.4,No
5362,3362,5.8,7.1,Yes
5363,3363,5.9,6.6,Yes
5364,3364,6.8,5.0,Yes
5365,3365,7.3,6.2,Yes
5366,3366,8.1,6.5,No
5367,3367,6.7,7.2,Yes
5368,3368,9.6,8.1,Yes
5369,3369,6.5,7.3,Yes
5370,3370,8.3,8.5,Yes
5371,3371,6.1,8.8,Yes
5372,3372,6.4,7.2,Yes
5373,3373,6.8,7.9,Yes
5374,3374,6.7,7.0,Yes
5375,3375,7.2,7.4,Yes
5376,3376,5.3,8.5,No
5377,3377,6.9,7.4,Yes
5378,3378,6.0,8.0,Yes
5379,3379,8.0,5.8,Yes
5380,3380,4.2,6.8,Yes
5381,3381,6.0,8.2,Yes
5382,3382,8.7,8.0,Yes
5383,3383,9.1,4.6,Yes
5384,3384,9.1,4.5,Yes
5385,3385,6.2,5.0,Yes
5386,3386,5.1,4.8,No
5387,3387,6.3,6.3,No
5388,3388,5.9,8.4,Yes
5389,3389,4.7,7.5,No
5390,3390,3.2,5.9,Yes
5391,3391,7.1,8.7,Yes
5392,3392,6.9,5.2,No
5393,3393,7.9,6.7,No
5394,3394,6.3,4.0,Yes
5395,3395,7.2,4.3,No
5396,3396,6.2,7.8,No
5397,3397,10.0,7.8,No
5398,3398,6.6,7.0,Yes
5399,3399,5.6,6.3,No
5400,3400,7.3,9.1,Yes
5401,3401,7.2,4.5,No
5402,3402,5.6,5.9,Yes
5403,3403,7.9,5.5,Yes
5404,3404,8.6,6.6,No
5405,3405,6.5,7.6,No
5406,3406,8.5,5.5,Yes
5407,3407,7.1,5.4,Yes
5408,3408,5.6,4.5,Yes
5409,3409,4.0,6.0,Yes
5410,3410,3.8,4.8,Yes
5411,3411,5.8,8.0,Yes
5412,3412,6.7,8.5,Yes
5413,3413,8.0,9.1,Yes
5414,3414,6.2,5.8,Yes
5415,3415,6.6,4.7,No
5416,3416,8.2,5.8,No
5417,3417,6.2,5.5,Yes
5418,3418,5.0,4.1,Yes
5419,3419,7.7,7.4,Yes
5420,3420,5.8,6.2,Yes
5421,3421,6.1,5.4,Yes
5422,3422,6.3,6.0,Yes
5423,3423,4.7,6.5,Yes
5424,3424,6.0,8.0,Yes
5425,3425,5.8,6.2,Yes
5426,3426,6.7,7.2,No
5427,3427,4.9,8.5,Yes
5428,3428,8.6,7.0,Yes
5429,3429,5.2,8.5,Yes
5430,3430,8.7,4.9,Yes
5431,3431,5.1,7.3,Yes
5432,3432,8.0,7.5,Yes
5433,3433,4.6,4.6,Yes
5434,3434,4.8,6.3,Yes
5435,3435,4.3,5.3,Yes
5436,3436,7.8,7.4,Yes
5437,3437,4.3,8.5,Yes
5438,3438,8.8,5.4,No
5439,3439,4.2,4.1,Yes
5440,3440,6.3,4.8,No
5441,3441,7.3,4.3,Yes
5442,3442,7.2,7.4,Yes
5443,3443,7.9,5.3,No
5444,3444,5.9,8.5,Yes
5445,3445,7.0,6.7,Yes
5446,3446,7.2,7.9,Yes
5447,3447,6.3,8.6,Yes
5448,3448,7.5,4.3,Yes
5449,3449,6.6,4.7,Yes
5450,3450,6.7,5.0,No
5451,3451,7.2,5.0,Yes
5452,3452,6.8,6.5,Yes
5453,3453,10.0,5.4,Yes
5454,3454,6.7,6.7,Yes
5455,3455,6.9,5.0,Yes
5456,3456,6.0,6.5,No
5457,3457,4.4,7.8,Yes
5458,3458,9.7,7.2,No
5459,3459,5.9,6.2,Yes
5460,3460,8.3,8.1,Yes
5461,3461,6.2,4.3,Yes
5462,3462,9.2,4.3,Yes
5463,3463,7.5,8.4,Yes
5464,3464,7.0,5.5,Yes
5465,3465,6.5,5.2,No
5466,3466,5.0,5.6,No
5467,3467,6.3,4.6,Yes
5468,3468,6.4,9.4,Yes
5469,3469,8.3,7.7,Yes
5470,3470,8.1,4.0,No
5471,3471,7.0,5.6,Yes
5472,3472,6.7,5.8,Yes
5473,3473,6.5,4.7,Yes
5474,3474,4.3,7.1,Yes
5475,3475,5.3,6.9,Yes
5476,3476,4.2,5.8,Yes
5477,3477,6.5,6.3,Yes
5478,3478,6.8,6.7,Yes
5479,3479,7.9,6.0,Yes
5480,3480,9.1,5.5,Yes
5481,3481,6.4,9.4,Yes
5482,3482,5.8,5.4,No
5483,3483,6.6,4.1,Yes
5484,3484,7.2,7.1,No
5485,3485,8.5,7.7,No
5486,3486,8.3,6.7,Yes
5487,3487,7.0,7.0,No
5488,3488,4.3,8.5,Yes
5489,3489,6.4,6.0,Yes
5490,3490,7.3,8.4,Yes
5491,3491,5.9,5.6,No
5492,3492,6.1,6.4,No
5493,3493,5.7,7.8,Yes
5494,3494,6.2,6.3,Yes
5495,3495,4.5,5.0,No
5496,3496,8.0,9.0,Yes
5497,3497,7.4,9.2,No
5498,3498,5.9,7.4,Yes
5499,3499,7.0,8.7,Yes
