user_id,age,gender,occupation,productivity_score
1000,22,Female,Data Analyst,9.7
1001,35,Male,Other,4.7
1002,44,Other,Software Engineer,6.5
1003,30,Male,Marketing Specialist,9.2
1004,26,Male,Student,8.3
1005,23,Male,Data Analyst,6.3
1006,44,Male,Designer,9.4
1007,36,Female,Software Engineer,3.4
1008,22,Male,Designer,9.3
1009,41,Female,Software Engineer,3.3
1010,34,Male,Software Engineer,6.7
1011,38,Male,Marketing Specialist,9.1
1012,26,Female,Marketing Specialist,4.8
1013,26,Female,Marketing Specialist,6.2
1014,39,Male,Other,5.2
1015,36,Male,Student,9.5
1016,19,Male,Software Engineer,8.6
1017,23,Female,Data Analyst,7.8
1018,39,Female,Designer,7.0
1019,18,Male,Marketing Specialist,8.6
1020,37,Female,Other,5.7
1021,36,Female,Marketing Specialist,6.0
1022,17,Female,Designer,8.0
1023,39,Female,Designer,5.4
1024,27,Male,Software Engineer,3.4
1025,21,Male,Marketing Specialist,3.5
1026,17,Male,Designer,3.8
1027,43,Male,Student,8.9
1028,36,Female,Student,6.2
1029,16,Female,Marketing Specialist,7.8
1030,27,Male,Other,5.7
1031,41,Male,Designer,4.8
1032,37,Male,Software Engineer,5.4
1033,44,Female,Software Engineer,8.4
1034,27,Male,Other,7.3
1035,40,Female,Software Engineer,9.4
1036,32,Male,Student,7.6
1037,42,Male,Marketing Specialist,6.9
1038,42,Other,Software Engineer,7.1
1039,25,Other,Student,9.4
1040,43,Male,Designer,8.4
1041,43,Female,Data Analyst,3.2
1042,31,Female,Other,6.6
1043,30,Female,Data Analyst,7.7
1044,30,Male,Software Engineer,8.1
1045,34,Female,Data Analyst,4.4
1046,27,Female,Data Analyst,8.9
1047,38,Female,Student,9.5
1048,35,Male,Student,4.6
1049,40,Male,Other,9.0
1050,18,Male,Student,3.7
1051,20,Female,Student,3.4
1052,34,Male,Student,3.9
1053,22,Female,Data Analyst,3.4
1054,36,Other,Marketing Specialist,8.7
1055,24,Male,Designer,3.4
1056,22,Female,Designer,4.8
1057,33,Male,Data Analyst,3.7
1058,19,Female,Designer,5.0
1059,40,Male,Student,3.6
1060,43,Female,Student,7.5
1061,29,Female,Designer,3.9
1062,33,Female,Other,8.8
1063,41,Female,Data Analyst,8.6
1064,24,Female,Marketing Specialist,3.1
1065,41,Female,Data Analyst,9.1
1066,36,Female,Software Engineer,3.2
1067,17,Female,Data Analyst,4.6
1068,35,Male,Student,3.2
1069,43,Female,Student,5.3
1070,30,Female,Student,6.5
1071,43,Female,Other,8.4
1072,22,Male,Designer,5.3
1073,27,Female,Student,7.8
1074,44,Male,Software Engineer,4.3
1075,23,Female,Student,8.1
1076,30,Male,Data Analyst,4.6
1077,18,Female,Student,4.0
1078,29,Other,Student,4.3
1079,32,Male,Other,4.2
1080,19,Other,Software Engineer,6.5
1081,33,Male,Data Analyst,8.7
1082,23,Female,Marketing Specialist,3.5
1083,19,Female,Other,7.8
1084,17,Female,Marketing Specialist,7.4
1085,21,Female,Other,8.9
1086,37,Female,Student,4.7
1087,25,Male,Other,6.1
1088,19,Male,Designer,9.3
1089,37,Female,Student,7.5
1090,44,Female,Student,5.6
1091,33,Female,Software Engineer,3.9
1092,41,Female,Marketing Specialist,4.8
1093,27,Male,Other,7.0
1094,17,Female,Student,7.9
1095,25,Male,Software Engineer,3.8
1096,19,Female,Designer,7.1
1097,29,Male,Software Engineer,6.7
1098,31,Male,Student,6.5
1099,30,Male,Designer,7.7
1100,23,Male,Software Engineer,8.7
1101,29,Female,Designer,5.2
1102,38,Male,Other,9.0
1103,43,Male,Other,4.1
1104,40,Male,Student,4.2
1105,23,Male,Student,4.8
1106,36,Male,Designer,3.8
1107,31,Male,Data Analyst,4.6
1108,28,Female,Student,3.7
1109,33,Female,Software Engineer,8.6
1110,30,Female,Software Engineer,3.9
1111,36,Male,Data Analyst,8.1
1112,39,Male,Data Analyst,3.3
1113,41,Female,Data Analyst,9.4
1114,40,Female,Marketing Specialist,7.8
1115,43,Male,Marketing Specialist,3.0
1116,43,Male,Designer,8.2
1117,43,Male,Marketing Specialist,6.5
1118,28,Male,Other,8.3
1119,24,Male,Other,6.6
1120,44,Female,Student,7.4
1121,30,Female,Designer,8.3
1122,28,Female,Software Engineer,5.8
1123,16,Female,Student,3.0
1124,40,Female,Student,8.8
1125,22,Female,Software Engineer,5.6
1126,24,Female,Software Engineer,6.4
1127,39,Male,Designer,3.1
1128,16,Male,Data Analyst,6.3
1129,27,Male,Data Analyst,9.7
1130,23,Female,Student,4.9
1131,39,Female,Data Analyst,5.7
1132,26,Male,Software Engineer,7.7
1133,34,Female,Data Analyst,8.5
1134,32,Male,Marketing Specialist,5.8
1135,23,Female,Data Analyst,5.1
1136,18,Male,Software Engineer,9.4
1137,18,Male,Designer,7.6
1138,16,Female,Student,3.8
1139,42,Male,Student,3.5
1140,20,Male,Data Analyst,6.3
1141,25,Male,Other,4.5
1142,22,Female,Other,4.7
1143,41,Female,Software Engineer,9.0
1144,24,Male,Student,3.6
1145,43,Female,Student,7.9
1146,22,Female,Marketing Specialist,4.8
1147,24,Male,Student,8.2
1148,23,Male,Other,7.9
1149,27,Male,Designer,3.1
1150,17,Male,Software Engineer,6.5
1151,16,Female,Software Engineer,3.9
1152,31,Male,Data Analyst,8.9
1153,38,Female,Data Analyst,8.9
1154,38,Female,Data Analyst,5.8
1155,39,Male,Other,6.0
1156,20,Female,Other,5.1
1157,18,Male,Other,7.9
1158,27,Other,Other,5.4
1159,23,Female,Other,4.8
1160,37,Female,Other,5.9
1161,42,Female,Designer,3.6
1162,18,Male,Other,8.1
1163,16,Female,Student,3.1
1164,18,Female,Student,7.4
1165,20,Female,Marketing Specialist,4.2
1166,30,Female,Designer,4.6
1167,29,Female,Data Analyst,7.3
1168,18,Male,Student,9.8
1169,16,Male,Other,8.3
1170,20,Female,Marketing Specialist,4.5
1171,41,Male,Student,4.2
1172,38,Female,Student,8.9
1173,29,Female,Marketing Specialist,6.0
1174,22,Male,Marketing Specialist,3.9
1175,42,Male,Software Engineer,8.9
1176,24,Female,Student,8.5
1177,30,Male,Student,9.7
1178,30,Female,Designer,9.2
1179,41,Male,Marketing Specialist,8.8
1180,25,Female,Other,3.4
1181,43,Male,Student,3.7
1182,28,Female,Marketing Specialist,6.9
1183,34,Male,Designer,6.6
1184,22,Female,Other,6.1
1185,32,Male,Designer,5.7
1186,35,Female,Software Engineer,5.9
1187,44,Female,Other,6.9
1188,19,Male,Marketing Specialist,3.0
1189,20,Male,Student,4.8
1190,38,Male,Student,6.5
1191,22,Female,Marketing Specialist,7.9
1192,28,Female,Marketing Specialist,4.2
1193,30,Female,Marketing Specialist,6.7
1194,26,Male,Data Analyst,7.9
1195,44,Male,Other,6.0
1196,19,Female,Student,3.2
1197,28,Female,Other,6.1
1198,22,Other,Designer,5.0
1199,42,Male,Student,9.3
1200,34,Female,Data Analyst,3.8
1201,37,Male,Marketing Specialist,7.4
1202,43,Male,Software Engineer,3.4
1203,17,Female,Marketing Specialist,6.0
1204,25,Female,Marketing Specialist,6.8
1205,28,Other,Data Analyst,5.0
1206,40,Male,Other,6.1
1207,36,Male,Student,4.1
1208,21,Female,Marketing Specialist,5.1
1209,43,Female,Student,7.2
1210,43,Male,Student,5.1
1211,27,Male,Designer,9.1
1212,27,Male,Other,7.3
1213,35,Female,Student,6.0
1214,26,Male,Software Engineer,3.3
1215,41,Male,Designer,6.4
1216,38,Male,Software Engineer,8.2
1217,43,Male,Marketing Specialist,4.8
1218,40,Male,Designer,8.5
1219,22,Female,Student,4.7
1220,16,Male,Designer,8.6
1221,16,Female,Marketing Specialist,3.6
1222,40,Male,Data Analyst,8.9
1223,42,Female,Other,6.4
1224,40,Female,Software Engineer,5.0
1225,35,Female,Marketing Specialist,4.8
1226,28,Female,Data Analyst,5.9
1227,24,Male,Designer,9.8
1228,18,Male,Designer,4.5
1229,22,Female,Marketing Specialist,3.7
1230,21,Other,Student,7.0
1231,23,Female,Designer,6.3
1232,42,Female,Student,6.6
1233,24,Female,Student,7.5
1234,20,Male,Other,4.8
1235,16,Male,Student,9.2
1236,34,Female,Student,6.0
1237,25,Female,Other,3.9
1238,27,Male,Data Analyst,8.0
1239,39,Female,Data Analyst,7.4
1240,30,Male,Designer,5.1
1241,42,Female,Designer,7.2
1242,37,Male,Student,4.5
1243,39,Male,Other,6.0
1244,24,Female,Other,9.1
1245,35,Male,Student,3.9
1246,32,Female,Student,5.6
1247,32,Female,Student,8.6
1248,41,Female,Student,9.6
1249,35,Male,Software Engineer,6.1
1250,27,Male,Software Engineer,6.4
1251,22,Male,Marketing Specialist,6.9
1252,17,Other,Student,9.3
1253,18,Female,Other,8.8
1254,32,Female,Designer,4.2
1255,20,Female,Data Analyst,6.0
1256,32,Female,Marketing Specialist,6.2
1257,39,Female,Designer,8.4
1258,32,Male,Software Engineer,7.1
1259,42,Female,Student,7.4
1260,32,Male,Marketing Specialist,9.8
1261,17,Female,Student,3.5
1262,17,Female,Software Engineer,4.5
1263,43,Female,Marketing Specialist,5.8
1264,37,Male,Software Engineer,5.4
1265,38,Male,Student,3.1
1266,20,Male,Software Engineer,3.6
1267,16,Male,Other,7.6
1268,16,Male,Other,9.0
1269,34,Female,Student,6.5
1270,17,Female,Data Analyst,6.7
1271,36,Male,Software Engineer,4.7
1272,27,Male,Designer,8.2
1273,41,Male,Other,8.1
1274,21,Female,Data Analyst,7.0
1275,38,Female,Student,4.4
1276,19,Female,Marketing Specialist,3.7
1277,38,Female,Marketing Specialist,3.4
1278,26,Other,Other,7.0
1279,39,Female,Data Analyst,8.6
1280,42,Male,Other,8.8
1281,32,Female,Marketing Specialist,6.2
1282,21,Male,Software Engineer,8.3
1283,39,Female,Data Analyst,9.4
1284,20,Male,Student,4.9
1285,35,Female,Software Engineer,5.7
1286,17,Female,Software Engineer,9.3
1287,21,Female,Software Engineer,5.3
1288,37,Female,Student,9.2
1289,26,Male,Student,9.7
1290,31,Male,Designer,7.5
1291,31,Male,Other,8.6
1292,16,Male,Marketing Specialist,8.1
1293,24,Female,Other,7.8
1294,43,Male,Data Analyst,5.1
1295,42,Other,Student,3.4
1296,21,Female,Data Analyst,5.3
1297,31,Female,Other,7.5
1298,44,Male,Marketing Specialist,3.7
1299,18,Female,Student,3.1
1300,35,Female,Other,3.9
1301,43,Female,Software Engineer,7.9
1302,42,Female,Other,9.6
1303,19,Female,Software Engineer,9.7
1304,34,Male,Student,6.4
1305,41,Female,Other,8.9
1306,18,Male,Student,8.0
1307,34,Male,Student,6.4
1308,35,Male,Data Analyst,6.9
1309,22,Male,Student,3.9
1310,35,Male,Student,9.4
1311,24,Male,Other,5.4
1312,16,Other,Student,6.0
1313,23,Female,Marketing Specialist,7.6
1314,22,Other,Software Engineer,5.3
1315,33,Male,Other,4.7
1316,23,Male,Software Engineer,7.3
1317,16,Female,Software Engineer,3.2
1318,26,Male,Student,7.9
1319,43,Male,Student,6.5
1320,40,Female,Data Analyst,7.1
1321,40,Male,Software Engineer,7.3
1322,33,Female,Data Analyst,6.6
1323,38,Female,Software Engineer,7.0
1324,25,Male,Data Analyst,7.6
1325,18,Male,Data Analyst,8.1
1326,22,Female,Marketing Specialist,7.9
1327,43,Male,Data Analyst,8.9
1328,31,Male,Student,4.3
1329,41,Other,Data Analyst,5.7
1330,31,Male,Software Engineer,9.4
1331,40,Female,Data Analyst,5.7
1332,35,Other,Student,3.8
1333,43,Male,Designer,6.6
1334,32,Male,Software Engineer,3.7
1335,17,Male,Student,4.4
1336,16,Male,Software Engineer,9.8
1337,31,Male,Student,6.7
1338,27,Female,Designer,4.9
1339,20,Male,Designer,9.8
1340,20,Female,Student,9.6
1341,42,Other,Designer,6.0
1342,38,Female,Student,4.8
1343,24,Female,Student,8.7
1344,24,Male,Marketing Specialist,7.9
1345,18,Female,Software Engineer,7.7
1346,34,Female,Student,9.1
1347,31,Male,Software Engineer,7.7
1348,31,Male,Student,4.9
1349,18,Female,Marketing Specialist,7.7
1350,35,Male,Student,5.1
1351,39,Male,Designer,8.2
1352,37,Male,Software Engineer,7.2
1353,39,Male,Other,3.5
1354,16,Female,Marketing Specialist,6.5
1355,39,Female,Designer,5.3
1356,35,Female,Marketing Specialist,5.2
1357,26,Male,Designer,7.1
1358,32,Male,Student,5.2
1359,23,Female,Student,8.3
1360,19,Male,Software Engineer,3.5
1361,21,Male,Data Analyst,7.5
1362,23,Female,Data Analyst,8.5
1363,35,Male,Student,7.6
1364,18,Female,Software Engineer,6.4
1365,31,Male,Software Engineer,9.5
1366,40,Male,Student,5.0
1367,18,Male,Software Engineer,3.1
1368,40,Other,Student,5.9
1369,44,Female,Student,3.2
1370,33,Female,Student,9.5
1371,29,Female,Software Engineer,4.4
1372,33,Male,Student,8.4
1373,17,Female,Software Engineer,8.3
1374,37,Male,Student,4.5
1375,18,Female,Software Engineer,7.2
1376,31,Male,Student,3.3
1377,44,Female,Other,6.3
1378,24,Male,Student,3.1
1379,19,Male,Software Engineer,9.3
1380,16,Female,Student,9.6
1381,19,Male,Data Analyst,4.5
1382,16,Male,Student,4.4
1383,29,Male,Student,8.1
1384,36,Male,Designer,4.7
1385,31,Female,Data Analyst,9.1
1386,35,Female,Software Engineer,6.9
1387,39,Female,Other,5.4
1388,23,Female,Student,8.7
1389,22,Male,Designer,6.4
1390,18,Female,Software Engineer,9.2
1391,32,Male,Marketing Specialist,9.3
1392,16,Male,Other,4.1
1393,31,Female,Student,3.0
1394,27,Male,Marketing Specialist,9.7
1395,42,Female,Student,9.2
1396,34,Male,Student,3.4
1397,37,Female,Marketing Specialist,8.7
1398,38,Female,Other,6.1
1399,37,Female,Marketing Specialist,4.8
1400,29,Female,Software Engineer,9.0
1401,21,Female,Designer,4.3
1402,21,Male,Designer,9.4
1403,28,Female,Marketing Specialist,4.4
1404,34,Male,Software Engineer,7.2
1405,37,Female,Designer,4.5
1406,23,Female,Software Engineer,6.7
1407,42,Female,Software Engineer,7.7
1408,42,Male,Student,4.3
1409,17,Male,Designer,6.5
1410,36,Female,Designer,6.2
1411,16,Male,Student,3.5
1412,43,Male,Marketing Specialist,8.6
1413,30,Male,Student,5.3
1414,16,Female,Designer,6.9
1415,20,Female,Designer,6.5
1416,43,Male,Other,6.5
1417,44,Male,Marketing Specialist,3.7
1418,31,Male,Student,5.9
1419,34,Female,Student,6.1
1420,19,Female,Student,8.0
1421,18,Male,Marketing Specialist,8.7
1422,32,Male,Student,6.7
1423,32,Male,Student,3.6
1424,27,Female,Software Engineer,4.6
1425,43,Female,Designer,4.1
1426,44,Male,Data Analyst,3.8
1427,29,Male,Other,5.5
1428,36,Male,Marketing Specialist,4.6
1429,21,Other,Data Analyst,4.5
1430,18,Male,Data Analyst,3.4
1431,43,Female,Marketing Specialist,3.1
1432,24,Female,Student,3.7
1433,20,Male,Marketing Specialist,4.2
1434,39,Male,Data Analyst,5.9
1435,44,Male,Designer,6.5
1436,32,Female,Other,4.0
1437,29,Female,Other,5.9
1438,36,Female,Designer,5.3
1439,18,Female,Designer,4.2
1440,43,Male,Student,3.0
1441,16,Other,Student,6.2
1442,35,Female,Marketing Specialist,7.7
1443,44,Male,Other,4.5
1444,36,Other,Designer,3.9
1445,38,Female,Marketing Specialist,9.0
1446,16,Female,Other,4.9
1447,18,Female,Designer,4.5
1448,33,Female,Other,8.8
1449,40,Female,Student,8.6
1450,25,Male,Student,6.0
1451,37,Male,Student,6.3
1452,41,Female,Designer,4.5
1453,18,Male,Other,3.5
1454,23,Male,Student,6.9
1455,29,Male,Software Engineer,3.7
1456,39,Male,Marketing Specialist,6.1
1457,33,Female,Marketing Specialist,9.4
1458,30,Female,Data Analyst,9.5
1459,37,Male,Student,4.6
1460,38,Male,Other,7.2
1461,17,Male,Data Analyst,6.2
1462,42,Female,Designer,9.0
1463,25,Female,Other,4.8
1464,17,Male,Data Analyst,3.0
1465,41,Female,Student,4.1
1466,32,Female,Marketing Specialist,5.4
1467,23,Female,Other,5.1
1468,16,Female,Data Analyst,8.4
1469,24,Male,Student,7.6
1470,26,Female,Student,5.0
1471,37,Male,Data Analyst,6.1
1472,31,Female,Designer,3.6
1473,22,Female,Designer,9.1
1474,44,Female,Designer,9.4
1475,25,Female,Other,9.7
1476,38,Male,Marketing Specialist,8.9
1477,41,Female,Data Analyst,4.2
1478,18,Other,Student,3.3
1479,33,Female,Data Analyst,6.9
1480,40,Male,Marketing Specialist,9.2
1481,39,Male,Student,4.2
1482,28,Male,Marketing Specialist,3.0
1483,43,Female,Designer,8.5
1484,41,Female,Other,3.5
1485,22,Male,Student,5.8
1486,40,Female,Other,7.6
1487,19,Female,Designer,4.6
1488,28,Female,Software Engineer,3.6
1489,35,Female,Marketing Specialist,8.2
1490,16,Female,Marketing Specialist,7.3
1491,23,Female,Student,9.7
1492,29,Male,Data Analyst,5.3
1493,31,Female,Student,3.4
1494,29,Female,Other,8.0
1495,27,Female,Student,6.5
1496,34,Female,Student,4.4
1497,38,Female,Student,8.3
1498,30,Male,Other,4.4
1499,43,Male,Data Analyst,4.8
1500,17,Male,Other,3.6
1501,17,Male,Other,5.7
1502,38,Female,Designer,5.8
1503,37,Other,Data Analyst,6.5
1504,34,Male,Marketing Specialist,7.8
1505,40,Male,Designer,9.2
1506,41,Female,Software Engineer,3.9
1507,44,Male,Data Analyst,3.4
1508,37,Female,Student,3.1
1509,41,Female,Designer,4.0
1510,41,Female,Data Analyst,7.5
1511,37,Male,Student,7.9
1512,32,Male,Other,8.3
1513,35,Female,Software Engineer,4.7
1514,25,Female,Marketing Specialist,5.1
1515,21,Male,Other,6.3
1516,30,Female,Student,3.4
1517,37,Male,Student,7.2
1518,26,Female,Software Engineer,9.7
1519,43,Male,Marketing Specialist,5.5
1520,20,Female,Student,8.1
1521,16,Male,Designer,6.4
1522,23,Male,Marketing Specialist,3.9
1523,36,Male,Data Analyst,7.0
1524,43,Male,Student,5.0
1525,27,Female,Data Analyst,3.2
1526,27,Other,Student,7.3
1527,20,Male,Data Analyst,8.8
1528,22,Male,Marketing Specialist,5.3
1529,19,Female,Data Analyst,5.7
1530,21,Female,Student,9.1
1531,28,Female,Student,8.5
1532,35,Male,Student,7.9
1533,30,Male,Marketing Specialist,4.7
1534,18,Female,Student,9.2
1535,38,Male,Student,4.1
1536,23,Female,Other,7.3
1537,35,Male,Student,3.2
1538,31,Female,Data Analyst,7.4
1539,28,Male,Designer,4.9
1540,33,Female,Data Analyst,6.1
1541,43,Female,Designer,5.3
1542,25,Female,Data Analyst,4.2
1543,34,Male,Marketing Specialist,7.2
1544,32,Female,Data Analyst,9.0
1545,39,Female,Marketing Specialist,9.5
1546,34,Female,Marketing Specialist,4.3
1547,43,Female,Student,7.9
1548,41,Female,Student,7.5
1549,38,Female,Designer,5.3
1550,41,Male,Student,3.1
1551,20,Female,Student,7.7
1552,41,Female,Other,9.4
1553,36,Male,Marketing Specialist,7.3
1554,38,Male,Marketing Specialist,6.0
1555,24,Male,Designer,6.6
1556,27,Female,Data Analyst,4.4
1557,36,Female,Data Analyst,8.1
1558,16,Female,Student,8.1
1559,41,Female,Software Engineer,4.0
1560,41,Male,Software Engineer,9.0
1561,16,Male,Data Analyst,4.8
1562,30,Male,Software Engineer,9.7
1563,17,Male,Other,5.6
1564,37,Male,Data Analyst,4.2
1565,31,Male,Marketing Specialist,5.4
1566,40,Female,Student,6.0
1567,23,Female,Student,3.5
1568,28,Other,Student,6.9
1569,36,Female,Data Analyst,7.1
1570,16,Female,Other,8.0
1571,31,Male,Data Analyst,3.2
1572,44,Female,Student,6.7
1573,22,Female,Other,3.4
1574,20,Male,Other,7.8
1575,37,Male,Other,3.4
1576,44,Female,Designer,9.2
1577,38,Male,Data Analyst,7.8
1578,18,Female,Software Engineer,6.5
1579,27,Female,Software Engineer,6.0
1580,41,Male,Data Analyst,3.9
1581,31,Male,Data Analyst,5.0
1582,34,Male,Designer,8.9
1583,20,Male,Software Engineer,9.2
1584,37,Male,Data Analyst,3.0
1585,40,Female,Data Analyst,7.0
1586,44,Male,Designer,7.9
1587,29,Female,Designer,7.2
1588,43,Male,Student,3.6
1589,20,Female,Designer,4.5
1590,30,Male,Student,4.7
1591,32,Male,Software Engineer,8.7
1592,29,Female,Student,6.1
1593,35,Female,Student,6.3
1594,20,Male,Data Analyst,9.4
1595,27,Female,Data Analyst,7.3
1596,31,Male,Student,9.1
1597,41,Female,Designer,6.1
1598,41,Male,Other,4.0
1599,31,Male,Other,9.3
1600,36,Female,Data Analyst,6.1
1601,22,Female,Other,4.2
1602,19,Male,Marketing Specialist,5.1
1603,16,Female,Student,3.3
1604,20,Female,Student,6.2
1605,38,Male,Student,8.8
1606,41,Female,Software Engineer,9.3
1607,25,Male,Designer,9.3
1608,37,Female,Designer,3.9
1609,20,Female,Student,5.6
1610,19,Female,Data Analyst,3.2
1611,17,Male,Data Analyst,8.8
1612,35,Male,Marketing Specialist,5.4
1613,25,Male,Marketing Specialist,7.3
1614,41,Male,Designer,7.9
1615,34,Male,Marketing Specialist,5.9
1616,41,Female,Student,5.1
1617,16,Male,Marketing Specialist,9.5
1618,39,Male,Student,9.6
1619,20,Female,Marketing Specialist,5.0
1620,28,Male,Designer,6.3
1621,19,Female,Designer,9.6
1622,31,Male,Student,3.0
1623,39,Female,Student,5.8
1624,31,Male,Designer,3.7
1625,38,Male,Student,6.5
1626,17,Female,Data Analyst,3.2
1627,32,Male,Student,5.8
1628,43,Female,Other,4.5
1629,42,Male,Designer,6.6
1630,35,Male,Software Engineer,9.8
1631,39,Female,Data Analyst,8.4
1632,27,Male,Student,8.8
1633,33,Female,Designer,7.3
1634,18,Other,Student,3.3
1635,43,Female,Other,4.4
1636,16,Female,Marketing Specialist,9.3
1637,16,Male,Other,5.5
1638,44,Male,Software Engineer,3.7
1639,34,Male,Student,7.8
1640,26,Female,Data Analyst,5.0
1641,20,Other,Other,4.8
1642,27,Male,Student,9.8
1643,18,Female,Software Engineer,8.8
1644,16,Male,Student,5.8
1645,16,Female,Designer,9.7
1646,23,Male,Marketing Specialist,7.4
1647,25,Other,Data Analyst,8.0
1648,26,Female,Student,3.2
1649,27,Male,Student,3.8
1650,44,Male,Designer,7.3
1651,28,Male,Designer,9.1
1652,27,Male,Data Analyst,7.2
1653,29,Male,Designer,3.9
1654,17,Female,Student,3.8
1655,44,Female,Student,8.7
1656,34,Female,Data Analyst,3.9
1657,33,Male,Designer,6.5
1658,18,Female,Designer,3.3
1659,38,Female,Student,3.5
1660,32,Male,Marketing Specialist,7.6
1661,41,Female,Marketing Specialist,7.7
1662,23,Female,Other,5.3
1663,44,Male,Designer,4.5
1664,41,Male,Student,8.5
1665,25,Female,Data Analyst,4.5
1666,41,Male,Designer,6.7
1667,17,Female,Software Engineer,9.6
1668,34,Female,Data Analyst,4.0
1669,24,Female,Other,9.4
1670,22,Male,Marketing Specialist,4.2
1671,19,Male,Designer,6.9
1672,41,Female,Student,5.6
1673,36,Female,Software Engineer,9.6
1674,33,Male,Designer,4.9
1675,28,Female,Other,5.7
1676,26,Female,Student,9.7
1677,44,Male,Software Engineer,6.6
1678,39,Male,Other,6.4
1679,19,Female,Designer,4.8
1680,40,Male,Student,7.8
1681,36,Male,Software Engineer,3.1
1682,44,Male,Student,3.3
1683,40,Male,Student,7.1
1684,19,Female,Software Engineer,5.3
1685,25,Female,Software Engineer,9.5
1686,20,Male,Student,9.1
1687,24,Female,Other,7.9
1688,39,Female,Marketing Specialist,8.6
1689,18,Female,Software Engineer,7.5
1690,32,Male,Designer,3.9
1691,18,Male,Data Analyst,8.2
1692,31,Other,Student,4.4
1693,19,Female,Student,5.2
1694,33,Male,Student,8.6
1695,32,Male,Student,6.6
1696,22,Male,Marketing Specialist,8.8
1697,39,Female,Student,4.4
1698,38,Female,Software Engineer,7.1
1699,20,Female,Student,3.6
1700,27,Male,Student,7.4
1701,32,Female,Student,8.2
1702,38,Female,Data Analyst,7.0
1703,28,Male,Designer,4.8
1704,38,Female,Software Engineer,3.2
1705,40,Other,Student,3.8
1706,18,Male,Student,7.2
1707,24,Female,Other,9.4
1708,32,Male,Designer,4.4
1709,32,Female,Software Engineer,8.0
1710,35,Female,Student,8.9
1711,31,Female,Marketing Specialist,6.5
1712,40,Female,Data Analyst,7.6
1713,37,Male,Marketing Specialist,8.5
1714,28,Female,Data Analyst,4.8
1715,42,Female,Student,5.0
1716,34,Male,Software Engineer,3.0
1717,32,Female,Student,9.5
1718,19,Female,Data Analyst,9.2
1719,27,Male,Data Analyst,8.2
1720,44,Female,Data Analyst,3.5
1721,24,Female,Designer,6.0
1722,34,Male,Student,3.7
1723,27,Other,Software Engineer,3.1
1724,24,Male,Student,7.2
1725,22,Male,Student,9.5
1726,43,Male,Marketing Specialist,9.1
1727,29,Female,Data Analyst,7.7
1728,35,Female,Other,3.7
1729,34,Male,Data Analyst,4.9
1730,41,Male,Data Analyst,5.2
1731,30,Female,Other,8.2
1732,31,Male,Student,8.5
1733,36,Female,Marketing Specialist,5.6
1734,20,Female,Student,5.8
1735,18,Female,Other,3.3
1736,27,Other,Designer,5.0
1737,40,Male,Software Engineer,6.1
1738,35,Other,Other,3.8
1739,42,Female,Student,6.1
1740,36,Female,Student,8.8
1741,19,Male,Designer,7.0
1742,36,Female,Designer,3.5
1743,38,Male,Designer,4.3
1744,31,Male,Data Analyst,6.2
1745,40,Male,Software Engineer,5.5
1746,22,Female,Student,5.4
1747,28,Female,Student,6.6
1748,36,Female,Designer,7.0
1749,25,Female,Student,8.4
1750,41,Male,Software Engineer,5.3
1751,22,Female,Software Engineer,8.5
1752,29,Male,Marketing Specialist,5.3
1753,41,Female,Other,3.4
1754,20,Female,Other,6.8
1755,18,Female,Marketing Specialist,7.0
1756,38,Female,Student,9.4
1757,44,Male,Other,7.9
1758,26,Male,Software Engineer,9.2
1759,26,Female,Software Engineer,9.2
1760,33,Male,Other,7.1
1761,30,Male,Software Engineer,6.6
1762,27,Female,Marketing Specialist,6.8
1763,24,Female,Designer,9.7
1764,25,Male,Designer,8.3
1765,41,Male,Student,3.7
1766,27,Female,Designer,8.3
1767,32,Female,Data Analyst,4.2
1768,44,Male,Marketing Specialist,6.0
1769,21,Male,Software Engineer,4.4
1770,22,Male,Other,7.7
1771,29,Male,Designer,9.0
1772,28,Male,Marketing Specialist,5.0
1773,23,Female,Designer,3.6
1774,25,Female,Student,5.0
1775,24,Female,Software Engineer,7.6
1776,33,Male,Student,5.2
1777,42,Female,Software Engineer,4.9
1778,41,Male,Marketing Specialist,4.3
1779,17,Other,Student,6.4
1780,20,Female,Designer,4.9
1781,44,Male,Designer,8.0
1782,20,Female,Data Analyst,3.5
1783,21,Male,Other,7.5
1784,34,Female,Student,4.6
1785,23,Male,Designer,6.3
1786,31,Male,Marketing Specialist,4.9
1787,28,Female,Student,7.9
1788,16,Male,Other,9.4
1789,37,Female,Marketing Specialist,9.2
1790,35,Male,Student,7.0
1791,32,Female,Data Analyst,6.1
1792,22,Female,Designer,8.6
1793,40,Female,Marketing Specialist,7.6
1794,28,Male,Other,4.2
1795,19,Male,Software Engineer,8.6
1796,19,Male,Student,5.9
1797,21,Male,Other,4.3
1798,43,Female,Marketing Specialist,4.9
1799,34,Female,Student,4.8
1800,44,Female,Designer,6.5
1801,27,Female,Software Engineer,4.6
1802,37,Female,Data Analyst,3.8
1803,22,Female,Other,3.8
1804,42,Male,Data Analyst,7.0
1805,25,Female,Software Engineer,8.0
1806,41,Female,Student,5.2
1807,34,Female,Designer,3.2
1808,22,Male,Marketing Specialist,3.9
1809,18,Male,Software Engineer,9.2
1810,28,Male,Student,6.4
1811,28,Female,Student,6.1
1812,33,Female,Data Analyst,3.3
1813,43,Male,Other,8.0
1814,41,Other,Software Engineer,6.6
1815,35,Male,Data Analyst,4.4
1816,43,Male,Student,3.7
1817,23,Male,Data Analyst,5.6
1818,44,Female,Software Engineer,8.7
1819,24,Female,Student,8.9
1820,22,Male,Student,7.1
1821,16,Female,Software Engineer,7.9
1822,18,Male,Marketing Specialist,3.8
1823,28,Female,Designer,7.0
1824,43,Female,Software Engineer,7.5
1825,40,Female,Student,4.4
1826,43,Male,Other,9.0
1827,32,Other,Designer,4.3
1828,40,Female,Software Engineer,5.1
1829,39,Male,Student,7.2
1830,16,Female,Other,7.3
1831,21,Male,Student,7.8
1832,36,Female,Marketing Specialist,3.8
1833,21,Male,Other,8.8
1834,41,Female,Data Analyst,6.6
1835,27,Female,Other,6.2
1836,28,Male,Designer,9.7
1837,28,Male,Other,8.0
1838,44,Male,Student,3.8
1839,30,Male,Student,8.1
1840,36,Male,Data Analyst,3.6
1841,31,Female,Other,3.2
1842,37,Male,Student,5.7
1843,36,Male,Student,9.8
1844,26,Female,Software Engineer,4.2
1845,43,Male,Marketing Specialist,7.6
1846,20,Female,Designer,4.2
1847,19,Female,Marketing Specialist,7.9
1848,18,Female,Other,6.4
1849,34,Female,Marketing Specialist,7.6
1850,35,Female,Software Engineer,4.4
1851,40,Male,Marketing Specialist,8.1
1852,33,Male,Data Analyst,9.8
1853,30,Male,Software Engineer,7.5
1854,24,Female,Data Analyst,6.4
1855,32,Male,Other,9.3
1856,29,Female,Software Engineer,3.1
1857,30,Other,Other,8.0
1858,16,Female,Other,9.0
1859,36,Female,Marketing Specialist,3.4
1860,37,Male,Data Analyst,6.1
1861,37,Female,Other,4.4
1862,18,Female,Data Analyst,6.9
1863,31,Male,Data Analyst,7.4
1864,38,Male,Software Engineer,5.1
1865,40,Female,Student,6.1
1866,26,Female,Marketing Specialist,4.9
1867,27,Female,Other,5.5
1868,25,Female,Data Analyst,4.1
1869,31,Female,Designer,9.0
1870,23,Female,Student,3.1
1871,21,Male,Other,9.0
1872,27,Male,Designer,6.9
1873,39,Male,Marketing Specialist,5.3
1874,43,Female,Marketing Specialist,7.9
1875,36,Female,Data Analyst,6.5
1876,23,Female,Data Analyst,6.4
1877,41,Male,Other,3.7
1878,43,Female,Software Engineer,5.6
1879,19,Female,Student,4.6
1880,41,Female,Other,3.1
1881,23,Female,Student,5.4
1882,41,Male,Data Analyst,3.6
1883,43,Female,Marketing Specialist,4.7
1884,33,Male,Data Analyst,3.6
1885,43,Male,Marketing Specialist,3.7
1886,43,Female,Other,4.4
1887,20,Female,Marketing Specialist,9.8
1888,24,Female,Data Analyst,3.0
1889,19,Female,Student,7.3
1890,42,Female,Student,4.0
1891,37,Female,Designer,9.3
1892,32,Female,Marketing Specialist,3.6
1893,24,Male,Marketing Specialist,9.5
1894,16,Male,Student,7.2
1895,36,Male,Other,3.0
1896,35,Male,Other,9.1
1897,28,Male,Other,6.5
1898,43,Male,Designer,4.8
1899,31,Male,Software Engineer,8.2
1900,44,Other,Student,9.3
1901,28,Male,Designer,6.3
1902,29,Female,Student,5.1
1903,18,Male,Marketing Specialist,8.4
1904,44,Female,Student,7.6
1905,21,Male,Student,9.0
1906,33,Male,Software Engineer,7.7
1907,34,Female,Data Analyst,4.7
1908,20,Male,Designer,9.3
1909,30,Male,Student,3.7
1910,40,Male,Student,4.8
1911,17,Male,Software Engineer,6.5
1912,25,Male,Student,6.8
1913,39,Male,Student,3.1
1914,33,Female,Student,8.3
1915,42,Female,Student,5.5
1916,28,Female,Software Engineer,5.8
1917,20,Male,Designer,8.5
1918,38,Female,Designer,5.6
1919,39,Male,Student,3.3
1920,16,Male,Student,4.2
1921,37,Female,Student,9.5
1922,16,Male,Other,3.5
1923,33,Male,Data Analyst,5.4
1924,30,Female,Designer,6.4
1925,32,Female,Other,6.4
1926,26,Female,Marketing Specialist,3.0
1927,36,Female,Data Analyst,6.4
1928,41,Other,Student,5.6
1929,40,Male,Software Engineer,9.6
1930,37,Male,Designer,4.1
1931,42,Male,Marketing Specialist,5.4
1932,42,Male,Data Analyst,5.9
1933,32,Male,Designer,5.7
1934,28,Female,Student,7.5
1935,16,Female,Software Engineer,4.5
1936,17,Female,Data Analyst,4.5
1937,24,Male,Student,8.0
1938,18,Female,Other,6.4
1939,16,Female,Student,5.8
1940,36,Female,Student,4.2
1941,31,Male,Data Analyst,4.3
1942,38,Female,Data Analyst,3.1
1943,21,Male,Other,3.6
1944,43,Male,Student,6.8
1945,32,Male,Student,9.1
1946,20,Female,Student,5.0
1947,20,Female,Student,5.2
1948,21,Male,Student,3.8
1949,18,Male,Designer,5.6
1950,36,Male,Student,3.3
1951,38,Male,Software Engineer,9.2
1952,20,Male,Data Analyst,7.6
1953,36,Male,Software Engineer,9.7
1954,20,Female,Designer,9.0
1955,25,Male,Other,6.2
1956,25,Male,Designer,6.5
1957,34,Male,Marketing Specialist,4.3
1958,32,Female,Marketing Specialist,6.1
1959,36,Female,Marketing Specialist,9.1
1960,29,Female,Student,3.3
1961,24,Male,Student,8.9
1962,29,Female,Designer,5.3
1963,16,Male,Software Engineer,9.1
1964,34,Female,Other,9.4
1965,28,Female,Software Engineer,7.6
1966,28,Female,Software Engineer,7.5
1967,19,Female,Software Engineer,6.1
1968,16,Female,Other,8.7
1969,32,Male,Marketing Specialist,9.5
1970,23,Female,Software Engineer,8.3
1971,17,Male,Other,7.2
1972,43,Female,Other,7.1
1973,23,Male,Student,8.8
1974,22,Male,Other,6.7
1975,41,Male,Marketing Specialist,8.5
1976,41,Male,Software Engineer,6.5
1977,17,Female,Other,3.4
1978,37,Female,Student,5.6
1979,37,Male,Other,6.0
1980,18,Male,Data Analyst,4.0
1981,42,Female,Data Analyst,3.7
1982,33,Male,Data Analyst,6.6
1983,27,Female,Other,3.6
1984,16,Female,Marketing Specialist,5.1
1985,37,Female,Software Engineer,8.1
1986,27,Female,Designer,9.6
1987,20,Male,Designer,7.9
1988,42,Female,Designer,9.7
1989,40,Male,Marketing Specialist,7.7
1990,32,Male,Student,5.0
1991,31,Female,Student,7.6
1992,30,Male,Student,7.8
1993,38,Female,Data Analyst,5.5
1994,30,Female,Data Analyst,3.1
1995,20,Female,Other,7.8
1996,36,Female,Designer,3.1
1997,29,Male,Other,7.3
1998,17,Male,Designer,4.1
1999,26,Female,Data Analyst,6.8
2000,34,Male,Software Engineer,6.4
2001,22,Female,Student,3.1
2002,21,Female,Other,5.5
2003,43,Female,Student,7.1
2004,17,Male,Student,8.8
2005,21,Male,Student,9.0
2006,33,Male,Data Analyst,6.3
2007,17,Male,Student,8.0
2008,33,Female,Data Analyst,5.2
2009,30,Male,Student,5.3
2010,42,Male,Data Analyst,4.3
2011,34,Male,Student,6.8
2012,17,Female,Marketing Specialist,5.1
2013,35,Female,Designer,3.6
2014,40,Male,Student,7.7
2015,21,Male,Marketing Specialist,7.8
2016,16,Male,Software Engineer,5.4
2017,39,Male,Data Analyst,3.5
2018,30,Female,Software Engineer,5.9
2019,43,Female,Other,6.0
2020,38,Male,Data Analyst,7.5
2021,25,Male,Designer,5.1
2022,34,Other,Marketing Specialist,7.6
2023,32,Male,Designer,8.9
2024,20,Female,Other,4.6
2025,44,Male,Student,9.7
2026,19,Female,Designer,5.6
2027,25,Male,Designer,4.8
2028,39,Female,Student,5.9
2029,32,Other,Data Analyst,3.6
2030,25,Male,Student,3.9
2031,32,Male,Marketing Specialist,5.8
2032,43,Male,Designer,8.2
2033,35,Male,Student,9.1
2034,39,Male,Other,7.5
2035,20,Male,Other,3.7
2036,17,Female,Designer,7.6
2037,21,Male,Marketing Specialist,7.3
2038,36,Male,Software Engineer,8.5
2039,17,Female,Marketing Specialist,8.6
2040,28,Male,Student,8.9
2041,26,Female,Student,5.8
2042,26,Male,Student,7.7
2043,31,Female,Designer,4.8
2044,26,Female,Other,9.8
2045,34,Female,Data Analyst,4.2
2046,30,Other,Other,3.1
2047,40,Male,Data Analyst,4.0
2048,38,Other,Data Analyst,8.3
2049,38,Male,Other,6.0
2050,31,Male,Designer,6.0
2051,26,Male,Marketing Specialist,9.5
2052,37,Female,Data Analyst,9.3
2053,31,Male,Software Engineer,5.1
2054,23,Female,Other,4.4
2055,19,Female,Other,8.8
2056,23,Female,Student,9.2
2057,19,Female,Marketing Specialist,6.7
2058,39,Male,Student,7.3
2059,40,Male,Other,4.7
2060,18,Male,Other,8.4
2061,18,Male,Data Analyst,7.3
2062,42,Male,Marketing Specialist,6.4
2063,44,Male,Student,3.4
2064,33,Male,Software Engineer,9.2
2065,44,Other,Data Analyst,7.2
2066,41,Female,Other,4.3
2067,34,Male,Data Analyst,7.1
2068,34,Female,Software Engineer,7.6
2069,36,Male,Other,6.6
2070,20,Male,Software Engineer,7.9
2071,33,Female,Student,7.0
2072,43,Female,Data Analyst,9.4
2073,25,Male,Designer,3.4
2074,44,Other,Data Analyst,3.7
2075,37,Female,Student,4.2
2076,36,Female,Marketing Specialist,7.7
2077,21,Female,Marketing Specialist,7.4
2078,16,Female,Student,9.1
2079,20,Male,Other,8.0
2080,24,Male,Marketing Specialist,6.5
2081,27,Male,Software Engineer,9.7
2082,41,Male,Marketing Specialist,4.8
2083,29,Female,Marketing Specialist,8.7
2084,17,Male,Student,5.9
2085,32,Other,Other,7.4
2086,29,Female,Student,7.9
2087,41,Female,Marketing Specialist,7.3
2088,28,Female,Designer,4.0
2089,42,Female,Marketing Specialist,6.0
2090,24,Male,Student,6.8
2091,41,Female,Student,8.8
2092,40,Male,Student,6.0
2093,30,Female,Student,9.2
2094,40,Male,Software Engineer,6.0
2095,37,Female,Student,6.7
2096,30,Female,Software Engineer,8.4
2097,39,Male,Software Engineer,7.0
2098,26,Male,Student,9.5
2099,31,Other,Designer,7.5
2100,44,Female,Data Analyst,6.6
2101,32,Female,Student,3.2
2102,41,Female,Marketing Specialist,5.8
2103,19,Male,Designer,5.0
2104,16,Male,Designer,8.1
2105,23,Male,Marketing Specialist,4.4
2106,32,Female,Data Analyst,4.4
2107,18,Male,Designer,4.3
2108,44,Female,Software Engineer,3.9
2109,35,Female,Data Analyst,5.1
2110,30,Female,Other,9.0
2111,30,Female,Marketing Specialist,8.3
2112,39,Other,Data Analyst,8.0
2113,37,Male,Student,8.4
2114,29,Female,Data Analyst,4.8
2115,41,Female,Software Engineer,9.0
2116,43,Female,Student,3.9
2117,38,Female,Student,5.3
2118,29,Male,Marketing Specialist,7.0
2119,39,Male,Marketing Specialist,3.7
2120,17,Female,Data Analyst,8.0
2121,28,Male,Designer,5.6
2122,41,Female,Student,8.3
2123,29,Female,Student,6.4
2124,42,Male,Student,4.2
2125,39,Female,Marketing Specialist,8.0
2126,34,Male,Student,4.7
2127,22,Female,Student,6.3
2128,18,Female,Designer,3.5
2129,30,Female,Data Analyst,7.2
2130,38,Male,Software Engineer,7.5
2131,29,Male,Student,5.6
2132,26,Female,Software Engineer,9.5
2133,30,Female,Marketing Specialist,8.9
2134,43,Female,Data Analyst,7.8
2135,28,Male,Other,7.9
2136,33,Male,Data Analyst,4.7
2137,41,Male,Student,7.5
2138,21,Female,Designer,4.3
2139,18,Male,Data Analyst,4.0
2140,34,Male,Student,9.8
2141,30,Female,Student,7.2
2142,40,Male,Software Engineer,5.9
2143,38,Other,Data Analyst,5.0
2144,20,Female,Student,7.1
2145,43,Female,Software Engineer,3.3
2146,25,Male,Student,3.6
2147,22,Male,Other,3.2
2148,40,Female,Software Engineer,6.4
2149,32,Female,Software Engineer,7.1
2150,22,Female,Student,3.4
2151,37,Male,Marketing Specialist,7.9
2152,41,Female,Marketing Specialist,4.6
2153,27,Female,Designer,7.7
2154,40,Female,Marketing Specialist,9.7
2155,32,Female,Software Engineer,7.7
2156,28,Female,Designer,9.0
2157,35,Female,Student,9.4
2158,40,Male,Data Analyst,6.3
2159,19,Female,Other,7.8
2160,25,Male,Other,8.8
2161,18,Male,Software Engineer,5.4
2162,24,Male,Software Engineer,4.8
2163,28,Male,Designer,9.4
2164,33,Male,Student,7.9
2165,30,Male,Student,4.5
2166,19,Female,Software Engineer,6.1
2167,30,Female,Student,8.4
2168,37,Male,Student,6.7
2169,17,Female,Marketing Specialist,7.4
2170,30,Female,Student,8.1
2171,23,Male,Other,7.2
2172,23,Male,Other,6.7
2173,32,Female,Student,8.1
2174,27,Female,Other,7.9
2175,34,Female,Student,7.3
2176,25,Male,Marketing Specialist,5.4
2177,24,Male,Student,5.8
2178,20,Male,Software Engineer,9.6
2179,21,Male,Student,3.8
2180,35,Male,Student,4.8
2181,41,Male,Other,6.3
2182,17,Female,Data Analyst,8.7
2183,42,Female,Student,4.1
2184,39,Male,Student,4.9
2185,42,Female,Marketing Specialist,3.4
2186,28,Male,Other,7.8
2187,21,Male,Marketing Specialist,4.6
2188,20,Male,Student,5.6
2189,40,Female,Other,6.0
2190,16,Other,Software Engineer,9.1
2191,36,Female,Other,5.8
2192,37,Male,Software Engineer,4.0
2193,36,Female,Marketing Specialist,6.6
2194,21,Male,Marketing Specialist,9.5
2195,21,Female,Student,7.1
2196,38,Female,Software Engineer,9.7
2197,31,Male,Marketing Specialist,8.7
2198,19,Female,Software Engineer,3.2
2199,26,Female,Marketing Specialist,7.5
2200,39,Male,Other,5.0
2201,38,Female,Student,6.8
2202,24,Male,Data Analyst,4.9
2203,38,Female,Other,5.4
2204,18,Female,Designer,9.3
2205,34,Female,Student,4.4
2206,23,Female,Designer,8.9
2207,20,Female,Marketing Specialist,3.2
2208,19,Male,Data Analyst,3.6
2209,39,Female,Data Analyst,8.8
2210,21,Male,Marketing Specialist,7.3
2211,17,Female,Marketing Specialist,8.1
2212,35,Male,Software Engineer,4.4
2213,43,Male,Marketing Specialist,6.7
2214,26,Female,Student,8.0
2215,19,Male,Marketing Specialist,7.3
2216,30,Female,Student,6.2
2217,21,Male,Marketing Specialist,9.5
2218,37,Male,Software Engineer,7.6
2219,32,Female,Student,9.2
2220,39,Male,Student,8.0
2221,21,Male,Student,8.0
2222,34,Female,Other,3.5
2223,40,Male,Software Engineer,5.4
2224,17,Female,Designer,8.8
2225,30,Male,Student,4.6
2226,26,Male,Other,3.8
2227,23,Female,Other,5.2
2228,41,Male,Other,4.5
2229,34,Male,Marketing Specialist,9.3
2230,28,Male,Other,8.9
2231,27,Male,Marketing Specialist,6.4
2232,20,Female,Designer,3.4
2233,21,Male,Software Engineer,7.9
2234,41,Female,Data Analyst,7.2
2235,37,Female,Marketing Specialist,9.6
2236,19,Male,Other,6.8
2237,34,Female,Other,5.3
2238,35,Male,Student,6.5
2239,16,Other,Other,9.7
2240,35,Male,Software Engineer,7.7
2241,32,Female,Student,7.6
2242,27,Female,Student,4.6
2243,30,Male,Other,8.1
2244,16,Female,Student,8.1
2245,41,Female,Marketing Specialist,5.2
2246,29,Male,Software Engineer,6.3
2247,21,Male,Student,5.0
2248,20,Female,Marketing Specialist,4.8
2249,26,Female,Software Engineer,3.2
2250,19,Other,Other,4.9
2251,28,Female,Student,6.8
2252,26,Female,Software Engineer,3.0
2253,18,Female,Other,4.9
2254,16,Male,Designer,9.0
2255,21,Male,Data Analyst,7.0
2256,33,Female,Software Engineer,7.1
2257,39,Female,Data Analyst,5.7
2258,25,Male,Software Engineer,7.6
2259,20,Male,Data Analyst,4.3
2260,38,Female,Designer,8.6
2261,25,Female,Student,3.8
2262,27,Male,Marketing Specialist,7.5
2263,17,Male,Data Analyst,5.3
2264,28,Male,Designer,8.1
2265,23,Male,Data Analyst,6.7
2266,17,Male,Student,6.1
2267,35,Male,Data Analyst,4.2
2268,16,Female,Designer,7.3
2269,20,Male,Other,9.6
2270,24,Female,Designer,8.6
2271,32,Female,Student,3.4
2272,24,Male,Student,5.6
2273,26,Female,Other,9.3
2274,30,Male,Student,6.4
2275,39,Female,Student,7.5
2276,21,Male,Other,9.2
2277,38,Female,Data Analyst,8.9
2278,18,Female,Other,6.4
2279,32,Male,Designer,6.0
2280,20,Male,Student,5.3
2281,43,Female,Data Analyst,7.9
2282,27,Female,Designer,5.0
2283,33,Male,Student,4.7
2284,29,Female,Other,5.4
2285,36,Male,Designer,4.2
2286,39,Female,Data Analyst,7.7
2287,26,Male,Student,7.2
2288,24,Female,Student,6.3
2289,17,Male,Other,5.7
2290,27,Male,Designer,9.2
2291,18,Male,Data Analyst,3.2
2292,18,Male,Software Engineer,8.2
2293,16,Female,Student,9.1
2294,23,Male,Student,6.0
2295,37,Female,Data Analyst,6.7
2296,43,Male,Software Engineer,9.4
2297,44,Male,Student,4.4
2298,23,Male,Other,6.5
2299,26,Male,Marketing Specialist,6.2
2300,24,Male,Marketing Specialist,4.8
2301,20,Male,Other,8.6
2302,29,Female,Data Analyst,9.1
2303,43,Male,Software Engineer,8.3
2304,18,Female,Software Engineer,4.3
2305,36,Female,Student,3.6
2306,20,Male,Student,7.1
2307,20,Male,Designer,3.4
2308,34,Other,Software Engineer,7.6
2309,42,Female,Other,6.6
2310,29,Female,Designer,7.5
2311,41,Male,Marketing Specialist,7.0
2312,19,Female,Designer,5.9
2313,40,Female,Student,4.4
2314,28,Female,Other,5.1
2315,25,Other,Student,6.6
2316,40,Male,Designer,7.4
2317,33,Male,Data Analyst,8.3
2318,23,Female,Software Engineer,8.2
2319,23,Female,Other,9.6
2320,22,Male,Data Analyst,4.9
2321,23,Male,Designer,3.5
2322,29,Male,Software Engineer,5.4
2323,34,Male,Student,8.1
2324,44,Female,Data Analyst,6.0
2325,21,Female,Data Analyst,8.6
2326,16,Male,Designer,6.7
2327,38,Male,Marketing Specialist,9.3
2328,30,Male,Designer,9.4
2329,16,Male,Data Analyst,3.5
2330,40,Female,Software Engineer,6.1
2331,32,Other,Marketing Specialist,7.1
2332,16,Female,Designer,4.7
2333,30,Male,Other,5.8
2334,38,Female,Designer,7.6
2335,17,Female,Data Analyst,4.5
2336,29,Female,Data Analyst,7.1
2337,36,Male,Student,7.7
2338,23,Male,Designer,3.6
2339,23,Male,Data Analyst,6.4
2340,34,Male,Other,4.8
2341,22,Male,Student,7.9
2342,34,Male,Marketing Specialist,4.3
2343,21,Female,Student,9.1
2344,21,Female,Marketing Specialist,5.9
2345,18,Male,Other,4.3
2346,22,Male,Designer,6.0
2347,34,Female,Student,5.8
2348,23,Female,Data Analyst,5.9
2349,25,Female,Data Analyst,7.0
2350,35,Other,Data Analyst,6.5
2351,30,Female,Designer,4.0
2352,30,Other,Marketing Specialist,3.4
2353,44,Male,Other,8.0
2354,16,Male,Data Analyst,6.8
2355,35,Male,Student,5.4
2356,22,Male,Data Analyst,8.5
2357,42,Male,Designer,5.6
2358,19,Female,Other,8.4
2359,44,Female,Student,5.1
2360,21,Female,Other,3.5
2361,40,Male,Student,9.3
2362,16,Female,Data Analyst,5.7
2363,44,Female,Data Analyst,8.4
2364,20,Male,Software Engineer,4.9
2365,42,Female,Marketing Specialist,7.4
2366,38,Male,Student,8.9
2367,16,Male,Software Engineer,3.3
2368,19,Female,Other,8.6
2369,37,Male,Student,6.9
2370,17,Male,Marketing Specialist,7.1
2371,25,Female,Student,6.6
2372,20,Female,Data Analyst,8.9
2373,42,Male,Other,3.3
2374,25,Male,Student,4.8
2375,16,Male,Data Analyst,9.0
2376,37,Female,Marketing Specialist,8.1
2377,21,Male,Data Analyst,3.1
2378,28,Male,Student,6.5
2379,30,Female,Other,6.6
2380,19,Female,Designer,5.7
2381,28,Male,Data Analyst,5.0
2382,39,Female,Student,7.6
2383,35,Female,Designer,4.4
2384,39,Male,Other,8.4
2385,30,Male,Marketing Specialist,8.5
2386,44,Female,Marketing Specialist,5.8
2387,23,Male,Other,4.9
2388,20,Female,Other,4.9
2389,44,Male,Student,6.3
2390,30,Male,Student,7.9
2391,19,Male,Student,5.4
2392,27,Male,Other,7.1
2393,28,Male,Software Engineer,5.6
2394,17,Male,Software Engineer,5.1
2395,42,Female,Designer,3.2
2396,34,Other,Designer,3.0
2397,34,Female,Software Engineer,4.5
2398,19,Female,Other,5.8
2399,19,Male,Other,8.8
2400,41,Other,Designer,8.4
2401,26,Male,Data Analyst,4.8
2402,42,Female,Other,4.7
2403,20,Other,Software Engineer,4.5
2404,35,Female,Student,5.3
2405,26,Other,Other,6.4
2406,25,Female,Other,6.0
2407,23,Male,Data Analyst,4.5
2408,21,Male,Designer,3.9
2409,21,Female,Other,3.1
2410,23,Male,Marketing Specialist,4.0
2411,38,Female,Student,7.8
2412,30,Other,Software Engineer,4.7
2413,41,Male,Marketing Specialist,6.2
2414,29,Female,Designer,7.0
2415,26,Female,Student,9.0
2416,27,Female,Student,9.0
2417,41,Other,Marketing Specialist,8.1
2418,28,Female,Student,3.2
2419,23,Other,Software Engineer,6.9
2420,33,Female,Designer,8.3
2421,40,Male,Other,3.1
2422,16,Male,Student,6.7
2423,30,Female,Designer,8.8
2424,23,Male,Student,6.2
2425,43,Female,Marketing Specialist,3.0
2426,26,Female,Software Engineer,3.1
2427,27,Male,Software Engineer,5.8
2428,27,Female,Designer,4.1
2429,19,Female,Other,7.5
2430,31,Female,Marketing Specialist,7.8
2431,19,Male,Other,4.2
2432,20,Male,Other,9.0
2433,39,Male,Marketing Specialist,6.0
2434,20,Female,Student,4.0
2435,23,Male,Designer,8.2
2436,25,Female,Designer,8.4
2437,32,Male,Data Analyst,7.3
2438,43,Male,Designer,8.8
2439,41,Female,Software Engineer,8.0
2440,24,Female,Student,9.0
2441,37,Male,Marketing Specialist,6.0
2442,34,Male,Designer,8.1
2443,44,Male,Student,9.8
2444,29,Female,Designer,7.9
2445,23,Female,Marketing Specialist,3.8
2446,24,Male,Student,6.5
2447,37,Male,Marketing Specialist,7.0
2448,26,Male,Marketing Specialist,4.2
2449,38,Female,Marketing Specialist,9.5
2450,16,Other,Designer,4.2
2451,29,Male,Data Analyst,4.2
2452,20,Female,Marketing Specialist,9.2
2453,36,Male,Software Engineer,6.2
2454,41,Male,Software Engineer,3.4
2455,29,Female,Student,7.1
2456,19,Female,Data Analyst,7.1
2457,37,Female,Student,3.4
2458,38,Female,Software Engineer,9.6
2459,40,Male,Other,6.7
2460,16,Female,Software Engineer,6.8
2461,37,Male,Student,6.5
2462,38,Female,Marketing Specialist,7.2
2463,34,Male,Other,4.8
2464,23,Female,Software Engineer,5.0
2465,30,Male,Designer,6.5
2466,36,Male,Designer,8.5
2467,30,Female,Student,3.3
2468,24,Male,Other,7.1
2469,36,Female,Student,8.5
2470,24,Male,Marketing Specialist,4.1
2471,25,Male,Marketing Specialist,3.1
2472,35,Male,Student,5.1
2473,40,Male,Data Analyst,7.0
2474,36,Female,Student,3.9
2475,41,Male,Marketing Specialist,5.9
2476,24,Female,Student,6.8
2477,18,Female,Marketing Specialist,7.1
2478,35,Male,Software Engineer,4.9
2479,40,Female,Student,5.7
2480,41,Female,Software Engineer,8.3
2481,26,Female,Student,9.4
2482,21,Male,Data Analyst,8.9
2483,17,Male,Student,6.8
2484,22,Female,Designer,5.8
2485,33,Female,Designer,5.3
2486,42,Female,Designer,3.8
2487,17,Male,Software Engineer,3.7
2488,42,Female,Other,7.7
2489,32,Male,Marketing Specialist,4.8
2490,26,Female,Designer,4.7
2491,42,Male,Data Analyst,9.8
2492,27,Female,Designer,4.3
2493,42,Male,Student,4.0
2494,34,Male,Software Engineer,3.7
2495,37,Female,Other,6.9
2496,39,Male,Student,7.3
2497,40,Male,Other,5.5
2498,22,Male,Student,6.6
2499,35,Female,Student,8.4
2500,21,Female,Student,8.6
2501,36,Male,Student,9.5
2502,39,Female,Marketing Specialist,8.6
2503,16,Female,Software Engineer,6.8
2504,32,Male,Data Analyst,4.2
2505,44,Female,Data Analyst,3.7
2506,26,Female,Data Analyst,3.4
2507,37,Female,Student,7.5
2508,41,Male,Student,8.5
2509,43,Female,Software Engineer,6.5
2510,33,Female,Student,3.4
2511,36,Male,Other,6.6
2512,32,Male,Student,9.4
2513,22,Male,Student,7.1
2514,32,Male,Designer,8.5
2515,35,Female,Designer,8.4
2516,24,Male,Software Engineer,9.3
2517,32,Male,Other,8.2
2518,35,Female,Software Engineer,8.1
2519,37,Male,Software Engineer,4.6
2520,37,Other,Student,3.4
2521,43,Male,Marketing Specialist,6.5
2522,44,Male,Software Engineer,3.8
2523,23,Male,Designer,9.5
2524,32,Male,Marketing Specialist,5.0
2525,22,Male,Student,8.8
2526,16,Female,Marketing Specialist,5.6
2527,28,Other,Data Analyst,5.2
2528,38,Male,Other,9.4
2529,34,Female,Marketing Specialist,5.5
2530,42,Female,Software Engineer,5.7
2531,39,Female,Student,3.7
2532,34,Male,Other,7.6
2533,44,Male,Software Engineer,5.0
2534,32,Male,Other,7.0
2535,28,Female,Designer,7.0
2536,44,Female,Data Analyst,7.9
2537,31,Male,Designer,8.1
2538,23,Male,Software Engineer,6.5
2539,34,Female,Software Engineer,5.3
2540,33,Female,Software Engineer,8.7
2541,16,Other,Student,5.1
2542,29,Female,Data Analyst,6.5
2543,34,Male,Other,5.7
2544,30,Female,Software Engineer,8.8
2545,33,Female,Software Engineer,5.9
2546,17,Male,Other,5.6
2547,37,Female,Designer,7.7
2548,43,Female,Designer,7.1
2549,32,Male,Software Engineer,3.7
2550,33,Female,Student,6.5
2551,21,Female,Student,8.0
2552,34,Female,Designer,9.7
2553,19,Male,Student,7.3
2554,16,Male,Student,5.5
2555,23,Female,Software Engineer,4.5
2556,44,Male,Data Analyst,8.9
2557,38,Female,Marketing Specialist,8.5
2558,22,Female,Marketing Specialist,4.6
2559,18,Male,Software Engineer,4.4
2560,25,Female,Designer,7.9
2561,25,Female,Student,5.1
2562,34,Male,Data Analyst,5.1
2563,29,Female,Other,4.0
2564,17,Female,Student,4.8
2565,43,Female,Software Engineer,5.9
2566,16,Female,Data Analyst,8.0
2567,38,Male,Data Analyst,5.3
2568,38,Female,Designer,5.2
2569,43,Female,Student,4.9
2570,33,Female,Data Analyst,6.3
2571,22,Female,Designer,4.2
2572,44,Male,Student,6.3
2573,23,Female,Designer,7.8
2574,16,Male,Student,3.2
2575,40,Male,Student,3.1
2576,38,Male,Other,3.5
2577,18,Other,Other,6.6
2578,39,Female,Data Analyst,8.8
2579,38,Female,Designer,3.0
2580,42,Female,Other,9.4
2581,44,Female,Student,3.7
2582,23,Female,Other,8.7
2583,37,Female,Student,6.3
2584,40,Male,Data Analyst,7.5
2585,30,Male,Designer,6.5
2586,20,Female,Designer,6.2
2587,18,Female,Marketing Specialist,8.7
2588,34,Male,Designer,8.1
2589,16,Male,Data Analyst,6.3
2590,43,Female,Student,3.8
2591,30,Male,Designer,3.8
2592,23,Female,Marketing Specialist,8.5
2593,17,Other,Data Analyst,6.6
2594,18,Male,Student,6.3
2595,39,Male,Software Engineer,7.6
2596,29,Female,Software Engineer,8.8
2597,39,Female,Student,7.3
2598,29,Female,Other,8.2
2599,26,Other,Designer,8.2
2600,31,Male,Software Engineer,5.4
2601,19,Female,Other,4.9
2602,35,Female,Software Engineer,8.4
2603,20,Female,Student,5.6
2604,37,Male,Designer,9.1
2605,36,Female,Designer,3.5
2606,29,Female,Other,3.4
2607,38,Male,Student,9.3
2608,31,Male,Other,7.4
2609,33,Female,Designer,5.6
2610,22,Male,Designer,8.1
2611,25,Male,Data Analyst,7.6
2612,22,Male,Other,6.6
2613,16,Female,Data Analyst,3.7
2614,38,Female,Student,8.5
2615,36,Female,Student,8.9
2616,34,Male,Software Engineer,4.2
2617,31,Female,Data Analyst,8.8
2618,44,Female,Software Engineer,9.0
2619,34,Female,Marketing Specialist,6.7
2620,19,Female,Student,7.5
2621,44,Male,Student,5.6
2622,43,Female,Marketing Specialist,4.9
2623,33,Male,Marketing Specialist,7.9
2624,17,Female,Designer,8.9
2625,16,Male,Marketing Specialist,7.4
2626,30,Male,Student,6.5
2627,20,Male,Data Analyst,4.1
2628,35,Female,Student,3.4
2629,26,Male,Data Analyst,6.0
2630,25,Female,Marketing Specialist,3.3
2631,17,Male,Marketing Specialist,6.9
2632,18,Male,Student,5.6
2633,38,Female,Data Analyst,8.1
2634,38,Male,Marketing Specialist,5.1
2635,27,Male,Designer,7.0
2636,35,Female,Software Engineer,6.7
2637,20,Male,Student,3.0
2638,20,Male,Student,3.5
2639,21,Male,Student,5.0
2640,24,Female,Software Engineer,9.0
2641,17,Female,Data Analyst,4.0
2642,36,Female,Student,7.8
2643,27,Female,Student,9.6
2644,18,Male,Data Analyst,8.4
2645,35,Male,Other,4.7
2646,41,Female,Other,9.2
2647,37,Male,Student,3.6
2648,27,Male,Marketing Specialist,6.2
2649,39,Male,Other,9.0
2650,32,Male,Student,7.4
2651,25,Other,Other,5.8
2652,39,Male,Software Engineer,5.0
2653,42,Female,Designer,5.6
2654,29,Male,Marketing Specialist,6.5
2655,38,Other,Student,5.2
2656,32,Male,Designer,9.6
2657,33,Male,Designer,9.3
2658,34,Female,Other,8.9
2659,32,Female,Data Analyst,5.9
2660,29,Male,Software Engineer,7.7
2661,24,Male,Software Engineer,9.1
2662,23,Male,Software Engineer,8.8
2663,17,Male,Marketing Specialist,5.8
2664,28,Male,Student,3.8
2665,40,Female,Marketing Specialist,3.5
2666,22,Male,Student,6.9
2667,24,Male,Designer,7.4
2668,37,Female,Designer,8.8
2669,37,Other,Student,5.0
2670,26,Female,Student,4.1
2671,29,Male,Student,5.6
2672,19,Male,Designer,5.4
2673,41,Female,Other,3.9
2674,41,Male,Marketing Specialist,7.6
2675,44,Male,Software Engineer,6.5
2676,28,Female,Designer,7.9
2677,17,Female,Data Analyst,5.4
2678,38,Female,Software Engineer,5.2
2679,20,Male,Designer,6.2
2680,26,Male,Marketing Specialist,9.0
2681,21,Other,Student,3.3
2682,33,Male,Other,8.5
2683,36,Female,Other,5.5
2684,25,Female,Software Engineer,8.8
2685,19,Female,Marketing Specialist,8.5
2686,24,Male,Other,5.4
2687,21,Male,Other,7.7
2688,17,Female,Student,4.1
2689,32,Female,Data Analyst,9.1
2690,20,Female,Software Engineer,5.8
2691,40,Male,Student,6.1
2692,21,Male,Other,7.8
2693,41,Female,Student,8.6
2694,27,Female,Marketing Specialist,4.6
2695,38,Female,Other,7.5
2696,36,Male,Data Analyst,5.7
2697,25,Female,Student,5.5
2698,37,Female,Marketing Specialist,7.7
2699,36,Female,Marketing Specialist,5.6
2700,42,Male,Software Engineer,5.4
2701,40,Male,Other,8.7
2702,21,Female,Software Engineer,3.7
2703,42,Male,Student,7.6
2704,23,Male,Other,4.7
2705,17,Female,Designer,3.1
2706,27,Male,Other,4.1
2707,28,Female,Designer,7.1
2708,40,Male,Marketing Specialist,7.8
2709,36,Female,Software Engineer,3.1
2710,22,Other,Data Analyst,3.2
2711,25,Male,Other,9.1
2712,28,Male,Data Analyst,3.5
2713,32,Male,Other,9.1
2714,41,Male,Marketing Specialist,4.6
2715,36,Female,Software Engineer,8.0
2716,43,Female,Student,5.1
2717,41,Male,Student,8.8
2718,29,Male,Student,7.8
2719,17,Male,Other,5.7
2720,43,Female,Other,3.5
2721,37,Male,Data Analyst,8.0
2722,26,Female,Software Engineer,7.2
2723,16,Female,Other,3.0
2724,34,Female,Software Engineer,3.1
2725,36,Male,Data Analyst,8.5
2726,19,Female,Other,4.8
2727,34,Male,Student,7.3
2728,41,Male,Student,6.1
2729,44,Female,Marketing Specialist,8.9
2730,36,Female,Designer,9.2
2731,26,Male,Student,9.8
2732,23,Male,Designer,4.0
2733,26,Male,Other,8.9
2734,19,Male,Software Engineer,4.8
2735,32,Male,Other,7.0
2736,42,Male,Software Engineer,6.4
2737,22,Male,Software Engineer,3.1
2738,23,Female,Designer,9.3
2739,18,Female,Student,3.5
2740,37,Female,Marketing Specialist,7.7
2741,17,Male,Designer,8.3
2742,38,Female,Student,8.4
2743,30,Female,Student,3.9
2744,39,Female,Student,6.0
2745,37,Female,Software Engineer,8.6
2746,37,Female,Data Analyst,5.1
2747,20,Female,Other,6.2
2748,39,Male,Other,4.9
2749,16,Female,Software Engineer,6.2
2750,41,Female,Data Analyst,9.0
2751,19,Female,Student,6.1
2752,30,Female,Student,6.8
2753,35,Male,Other,5.7
2754,34,Male,Designer,6.1
2755,18,Female,Data Analyst,3.1
2756,35,Female,Student,4.9
2757,26,Female,Student,6.0
2758,32,Male,Designer,7.3
2759,42,Male,Data Analyst,6.1
2760,28,Female,Software Engineer,5.3
2761,26,Female,Software Engineer,5.6
2762,17,Female,Software Engineer,4.6
2763,24,Male,Other,9.3
2764,41,Female,Student,6.5
2765,17,Male,Software Engineer,3.1
2766,36,Female,Other,3.1
2767,24,Male,Marketing Specialist,9.6
2768,24,Male,Other,4.5
2769,23,Female,Student,8.5
2770,32,Female,Other,3.4
2771,16,Male,Student,9.3
2772,40,Female,Designer,8.9
2773,44,Male,Other,6.9
2774,26,Male,Software Engineer,3.1
2775,23,Male,Student,4.8
2776,25,Male,Data Analyst,5.8
2777,40,Female,Software Engineer,6.1
2778,22,Male,Student,5.0
2779,18,Female,Marketing Specialist,3.2
2780,18,Female,Data Analyst,7.0
2781,33,Male,Marketing Specialist,6.6
2782,20,Female,Designer,4.9
2783,27,Male,Student,3.3
2784,27,Female,Marketing Specialist,9.8
2785,34,Male,Designer,6.3
2786,21,Male,Student,8.1
2787,17,Male,Student,6.1
2788,27,Male,Marketing Specialist,3.3
2789,34,Male,Student,5.1
2790,20,Female,Software Engineer,5.2
2791,27,Female,Student,8.7
2792,42,Female,Student,7.4
2793,42,Female,Designer,4.9
2794,32,Male,Student,9.6
2795,44,Male,Student,5.2
2796,32,Male,Student,9.8
2797,25,Male,Student,9.8
2798,40,Female,Marketing Specialist,4.3
2799,38,Female,Software Engineer,5.1
2800,32,Male,Designer,6.3
2801,30,Male,Software Engineer,7.5
2802,27,Female,Data Analyst,6.6
2803,31,Female,Marketing Specialist,9.6
2804,39,Male,Marketing Specialist,7.9
2805,34,Female,Software Engineer,4.4
2806,23,Female,Other,3.7
2807,36,Male,Marketing Specialist,7.7
2808,32,Male,Software Engineer,4.1
2809,38,Female,Marketing Specialist,8.4
2810,20,Female,Student,5.1
2811,37,Female,Software Engineer,5.2
2812,31,Male,Software Engineer,3.1
2813,21,Male,Student,7.8
2814,23,Female,Marketing Specialist,3.8
2815,40,Female,Marketing Specialist,8.3
2816,33,Male,Software Engineer,6.3
2817,40,Female,Student,8.3
2818,27,Female,Student,7.0
2819,30,Female,Designer,3.6
2820,42,Female,Student,8.2
2821,41,Female,Marketing Specialist,3.5
2822,24,Male,Other,6.3
2823,28,Female,Student,4.2
2824,41,Male,Software Engineer,8.1
2825,30,Female,Data Analyst,9.2
2826,25,Male,Student,6.8
2827,31,Female,Other,6.6
2828,22,Male,Data Analyst,8.2
2829,32,Male,Student,3.0
2830,38,Male,Student,9.2
2831,41,Male,Marketing Specialist,4.3
2832,36,Female,Other,9.7
2833,37,Female,Data Analyst,8.0
2834,41,Female,Other,8.3
2835,22,Male,Student,7.5
2836,29,Male,Marketing Specialist,6.2
2837,30,Male,Other,6.9
2838,36,Male,Data Analyst,3.3
2839,22,Female,Software Engineer,7.2
2840,24,Male,Student,7.3
2841,34,Male,Software Engineer,9.1
2842,31,Male,Student,6.4
2843,23,Male,Software Engineer,3.5
2844,33,Female,Software Engineer,5.1
2845,42,Female,Designer,7.5
2846,38,Male,Student,4.6
2847,44,Male,Student,4.9
2848,33,Male,Software Engineer,8.6
2849,35,Male,Marketing Specialist,7.0
2850,22,Male,Data Analyst,6.5
2851,18,Female,Software Engineer,5.2
2852,33,Female,Student,8.0
2853,42,Female,Software Engineer,5.0
2854,25,Male,Data Analyst,8.0
2855,22,Male,Student,3.5
2856,32,Female,Student,8.9
2857,29,Female,Student,6.4
2858,39,Female,Student,6.0
2859,18,Male,Student,7.2
2860,27,Female,Other,7.2
2861,43,Male,Data Analyst,3.9
2862,28,Female,Data Analyst,8.1
2863,17,Female,Student,4.9
2864,18,Female,Other,9.2
2865,20,Male,Software Engineer,8.6
2866,26,Female,Data Analyst,5.4
2867,23,Male,Student,8.5
2868,41,Male,Student,5.4
2869,38,Male,Marketing Specialist,3.7
2870,38,Female,Designer,9.5
2871,27,Male,Other,7.4
2872,22,Male,Designer,6.1
2873,30,Female,Designer,5.7
2874,39,Male,Student,5.2
2875,32,Female,Marketing Specialist,9.7
2876,19,Male,Designer,3.9
2877,44,Male,Designer,5.1
2878,37,Female,Student,6.3
2879,40,Male,Student,6.3
2880,28,Male,Student,6.2
2881,33,Female,Software Engineer,4.2
2882,16,Female,Designer,4.0
2883,31,Female,Software Engineer,4.7
2884,28,Male,Marketing Specialist,9.2
2885,25,Male,Other,3.8
2886,27,Female,Student,8.2
2887,17,Female,Designer,8.2
2888,38,Female,Student,8.5
2889,18,Female,Other,9.0
2890,25,Female,Student,4.8
2891,17,Female,Designer,4.5
2892,42,Male,Data Analyst,6.2
2893,38,Female,Software Engineer,4.8
2894,28,Male,Software Engineer,8.0
2895,28,Male,Designer,7.3
2896,33,Female,Other,8.9
2897,18,Female,Student,3.6
2898,42,Male,Software Engineer,9.2
2899,22,Male,Student,5.0
2900,29,Male,Marketing Specialist,6.3
2901,35,Female,Student,6.0
2902,44,Female,Other,8.2
2903,32,Male,Data Analyst,5.9
2904,44,Male,Student,9.4
2905,36,Female,Student,9.1
2906,27,Male,Marketing Specialist,8.9
2907,40,Female,Software Engineer,3.5
2908,31,Other,Data Analyst,8.8
2909,39,Male,Software Engineer,8.3
2910,27,Female,Designer,3.7
2911,30,Male,Student,3.7
2912,40,Male,Designer,3.7
2913,25,Female,Student,3.1
2914,40,Male,Student,6.7
2915,22,Other,Software Engineer,9.6
2916,35,Female,Student,6.0
2917,20,Male,Student,6.7
2918,16,Male,Marketing Specialist,9.6
2919,32,Male,Designer,4.7
2920,18,Male,Designer,8.8
2921,28,Male,Software Engineer,6.7
2922,29,Male,Student,6.9
2923,39,Male,Software Engineer,5.3
2924,33,Female,Marketing Specialist,6.8
2925,19,Female,Student,3.5
2926,33,Female,Student,8.2
2927,20,Male,Software Engineer,4.9
2928,40,Male,Software Engineer,9.0
2929,31,Female,Student,5.5
2930,16,Female,Other,4.0
2931,36,Male,Other,7.7
2932,29,Female,Marketing Specialist,4.1
2933,30,Female,Other,8.1
2934,24,Female,Student,9.6
2935,30,Male,Designer,8.3
2936,32,Female,Student,3.2
2937,40,Female,Software Engineer,7.1
2938,39,Female,Student,7.7
2939,19,Female,Student,8.6
2940,27,Female,Data Analyst,3.4
2941,42,Female,Designer,6.3
2942,41,Male,Data Analyst,6.6
2943,20,Female,Other,4.2
2944,44,Female,Student,5.2
2945,20,Female,Software Engineer,6.0
2946,26,Male,Student,8.7
2947,43,Male,Designer,9.3
2948,21,Female,Data Analyst,7.3
2949,22,Female,Software Engineer,5.7
2950,39,Female,Student,4.7
2951,29,Female,Marketing Specialist,9.7
2952,39,Female,Designer,9.7
2953,26,Female,Designer,9.3
2954,28,Female,Marketing Specialist,8.3
2955,17,Female,Student,5.2
2956,40,Female,Designer,8.6
2957,22,Male,Software Engineer,5.8
2958,35,Male,Student,5.2
2959,19,Female,Student,8.1
2960,42,Male,Data Analyst,3.5
2961,23,Male,Designer,3.3
2962,35,Male,Designer,6.0
2963,44,Male,Marketing Specialist,6.0
2964,37,Male,Data Analyst,9.1
2965,36,Male,Other,3.9
2966,34,Female,Data Analyst,3.8
2967,28,Female,Designer,4.0
2968,29,Male,Student,3.2
2969,25,Male,Data Analyst,3.5
2970,26,Female,Marketing Specialist,7.5
2971,17,Male,Data Analyst,5.9
2972,40,Female,Marketing Specialist,8.2
2973,41,Female,Other,9.7
2974,24,Female,Data Analyst,7.5
2975,32,Male,Marketing Specialist,3.3
2976,41,Female,Data Analyst,3.7
2977,18,Male,Other,9.0
2978,39,Female,Data Analyst,6.6
2979,21,Female,Software Engineer,8.6
2980,20,Male,Marketing Specialist,8.8
2981,20,Male,Other,9.3
2982,37,Male,Marketing Specialist,9.5
2983,30,Female,Marketing Specialist,6.8
2984,38,Male,Student,5.3
2985,32,Female,Other,9.5
2986,24,Male,Data Analyst,6.7
2987,18,Female,Marketing Specialist,3.4
2988,35,Female,Designer,7.4
2989,41,Female,Student,7.0
2990,32,Female,Software Engineer,9.1
2991,44,Male,Marketing Specialist,7.4
2992,42,Male,Marketing Specialist,5.4
2993,25,Female,Student,9.6
2994,18,Male,Data Analyst,8.5
2995,33,Male,Designer,7.3
2996,33,Male,Software Engineer,5.0
2997,32,Male,Marketing Specialist,5.5
2998,39,Male,Data Analyst,7.6
2999,18,Female,Other,3.5
3000,18,Male,Designer,4.7
3001,21,Female,Other,7.9
3002,28,Male,Designer,6.3
3003,39,Female,Software Engineer,5.7
3004,44,Male,Student,4.0
3005,30,Female,Designer,6.0
3006,40,Female,Student,8.2
3007,24,Male,Other,4.8
3008,19,Female,Designer,3.0
3009,29,Other,Software Engineer,7.5
3010,20,Female,Student,9.6
3011,17,Female,Software Engineer,7.1
3012,26,Male,Software Engineer,3.8
3013,24,Female,Student,5.2
3014,39,Male,Student,8.9
3015,18,Male,Data Analyst,4.6
3016,42,Other,Designer,7.1
3017,43,Male,Other,5.7
3018,44,Female,Data Analyst,4.4
3019,24,Female,Student,8.5
3020,18,Female,Student,8.1
3021,40,Other,Other,7.5
3022,17,Male,Student,4.6
3023,27,Male,Software Engineer,3.7
3024,25,Male,Marketing Specialist,6.9
3025,24,Male,Software Engineer,6.8
3026,30,Male,Software Engineer,4.3
3027,23,Male,Marketing Specialist,3.4
3028,40,Female,Designer,3.5
3029,20,Female,Student,9.8
3030,26,Male,Student,8.3
3031,42,Female,Software Engineer,9.3
3032,17,Male,Marketing Specialist,4.3
3033,39,Male,Data Analyst,9.5
3034,43,Female,Software Engineer,4.0
3035,30,Female,Student,6.5
3036,21,Female,Student,8.6
3037,23,Male,Software Engineer,5.4
3038,42,Female,Software Engineer,5.9
3039,20,Female,Designer,3.9
3040,31,Female,Marketing Specialist,3.8
3041,41,Female,Data Analyst,7.2
3042,33,Female,Data Analyst,7.6
3043,21,Female,Other,8.3
3044,20,Female,Student,6.8
3045,43,Other,Other,7.4
3046,31,Female,Student,3.1
3047,28,Male,Student,4.1
3048,43,Female,Software Engineer,9.7
3049,20,Male,Software Engineer,3.5
3050,28,Male,Data Analyst,7.6
3051,32,Female,Student,4.2
3052,33,Female,Marketing Specialist,7.9
3053,23,Female,Student,7.8
3054,28,Male,Software Engineer,4.6
3055,44,Female,Marketing Specialist,4.8
3056,34,Male,Student,7.5
3057,41,Other,Student,5.7
3058,18,Other,Marketing Specialist,4.3
3059,39,Female,Software Engineer,8.0
3060,23,Female,Student,4.0
3061,17,Female,Marketing Specialist,8.8
3062,23,Female,Designer,6.5
3063,42,Male,Designer,3.7
3064,28,Male,Software Engineer,7.7
3065,28,Female,Marketing Specialist,6.5
3066,16,Female,Designer,5.0
3067,21,Male,Marketing Specialist,5.9
3068,39,Female,Student,5.0
3069,34,Male,Software Engineer,4.8
3070,31,Female,Designer,4.1
3071,23,Female,Other,5.5
3072,43,Female,Student,4.7
3073,16,Female,Other,7.6
3074,42,Male,Other,7.7
3075,42,Male,Student,6.4
3076,31,Female,Student,8.3
3077,24,Female,Software Engineer,8.7
3078,28,Male,Designer,6.9
3079,26,Female,Designer,7.2
3080,28,Male,Designer,4.9
3081,40,Female,Marketing Specialist,9.1
3082,36,Female,Student,3.2
3083,25,Male,Designer,5.4
3084,19,Male,Student,7.9
3085,42,Female,Software Engineer,3.5
3086,21,Female,Other,4.2
3087,43,Female,Designer,7.0
3088,22,Female,Software Engineer,6.8
3089,20,Female,Designer,8.0
3090,26,Other,Student,8.5
3091,28,Female,Data Analyst,3.9
3092,41,Female,Software Engineer,3.1
3093,40,Male,Designer,7.7
3094,34,Male,Data Analyst,5.0
3095,38,Female,Software Engineer,7.3
3096,25,Male,Marketing Specialist,4.0
3097,25,Female,Designer,6.2
3098,26,Female,Marketing Specialist,6.4
3099,36,Female,Student,7.0
3100,22,Male,Designer,6.5
3101,33,Male,Other,6.4
3102,19,Male,Student,5.3
3103,17,Male,Data Analyst,3.5
3104,29,Male,Software Engineer,3.6
3105,28,Female,Student,5.9
3106,44,Female,Student,5.4
3107,27,Female,Student,6.5
3108,22,Female,Student,5.1
3109,17,Male,Software Engineer,7.7
3110,28,Female,Data Analyst,8.9
3111,29,Female,Software Engineer,5.0
3112,42,Male,Designer,4.3
3113,32,Female,Student,3.8
3114,24,Male,Student,7.2
3115,32,Female,Software Engineer,6.0
3116,23,Other,Software Engineer,4.3
3117,17,Male,Software Engineer,7.4
3118,43,Female,Student,4.0
3119,39,Female,Data Analyst,6.8
3120,28,Other,Other,6.6
3121,18,Male,Software Engineer,8.0
3122,31,Female,Student,3.4
3123,21,Male,Student,9.0
3124,34,Male,Designer,7.8
3125,22,Male,Other,4.5
3126,25,Other,Marketing Specialist,4.2
3127,24,Female,Other,5.9
3128,17,Female,Other,8.6
3129,43,Female,Student,8.7
3130,43,Male,Marketing Specialist,6.5
3131,30,Male,Software Engineer,8.9
3132,20,Male,Software Engineer,3.0
3133,44,Male,Other,3.2
3134,37,Male,Student,9.2
3135,19,Male,Marketing Specialist,8.3
3136,35,Male,Software Engineer,6.1
3137,19,Male,Student,8.1
3138,33,Male,Data Analyst,9.5
3139,19,Male,Data Analyst,8.3
3140,42,Other,Software Engineer,8.7
3141,32,Female,Marketing Specialist,8.2
3142,27,Other,Designer,4.1
3143,37,Male,Software Engineer,8.7
3144,32,Male,Designer,4.3
3145,25,Female,Designer,9.1
3146,37,Male,Marketing Specialist,6.1
3147,16,Male,Designer,7.6
3148,37,Male,Student,6.4
3149,41,Male,Marketing Specialist,3.6
3150,39,Male,Software Engineer,5.0
3151,42,Male,Other,9.7
3152,33,Female,Student,9.5
3153,33,Male,Student,5.2
3154,29,Male,Data Analyst,9.8
3155,30,Female,Software Engineer,8.7
3156,44,Male,Software Engineer,7.2
3157,27,Male,Software Engineer,3.3
3158,19,Female,Student,9.1
3159,42,Male,Student,6.8
3160,18,Male,Other,8.9
3161,35,Female,Marketing Specialist,8.7
3162,44,Male,Student,8.7
3163,27,Female,Student,7.7
3164,22,Female,Software Engineer,5.0
3165,44,Male,Data Analyst,5.3
3166,26,Female,Software Engineer,5.1
3167,16,Female,Marketing Specialist,3.1
3168,21,Male,Designer,7.0
3169,30,Female,Data Analyst,7.8
3170,30,Male,Software Engineer,8.8
3171,34,Female,Other,4.0
3172,26,Male,Data Analyst,6.7
3173,41,Male,Designer,3.1
3174,38,Male,Student,3.6
3175,41,Female,Student,3.4
3176,17,Male,Software Engineer,7.9
3177,29,Male,Marketing Specialist,3.6
3178,17,Male,Student,7.9
3179,44,Female,Software Engineer,4.7
3180,19,Female,Student,9.0
3181,32,Female,Marketing Specialist,8.5
3182,18,Female,Software Engineer,9.5
3183,28,Female,Designer,9.0
3184,24,Male,Designer,9.3
3185,22,Female,Marketing Specialist,8.8
3186,30,Female,Data Analyst,7.7
3187,38,Other,Marketing Specialist,4.2
3188,44,Female,Data Analyst,4.8
3189,44,Male,Software Engineer,4.4
3190,26,Male,Data Analyst,7.1
3191,35,Female,Software Engineer,6.4
3192,17,Female,Software Engineer,8.9
3193,30,Female,Other,9.5
3194,29,Female,Student,5.8
3195,35,Female,Software Engineer,6.4
3196,37,Male,Data Analyst,9.6
3197,26,Female,Student,4.9
3198,42,Male,Student,8.4
3199,18,Male,Software Engineer,4.5
3200,32,Male,Marketing Specialist,7.6
3201,27,Female,Marketing Specialist,4.7
3202,39,Male,Designer,9.0
3203,43,Male,Student,6.8
3204,44,Female,Software Engineer,4.3
3205,36,Male,Other,4.5
3206,30,Female,Marketing Specialist,6.4
3207,31,Female,Other,9.5
3208,20,Female,Software Engineer,8.2
3209,42,Female,Software Engineer,6.3
3210,35,Male,Student,5.3
3211,21,Female,Other,6.7
3212,34,Male,Designer,8.1
3213,40,Female,Student,8.3
3214,20,Male,Student,5.2
3215,18,Female,Other,7.9
3216,42,Male,Marketing Specialist,7.5
3217,16,Male,Marketing Specialist,9.5
3218,41,Male,Marketing Specialist,9.3
3219,43,Male,Data Analyst,8.4
3220,21,Female,Software Engineer,7.9
3221,30,Male,Student,4.9
3222,17,Female,Marketing Specialist,8.8
3223,44,Other,Student,5.9
3224,18,Female,Marketing Specialist,4.9
3225,32,Male,Designer,5.6
3226,40,Male,Software Engineer,8.7
3227,39,Female,Other,4.0
3228,27,Male,Software Engineer,6.1
3229,33,Male,Other,6.3
3230,30,Female,Other,3.2
3231,27,Female,Student,4.3
3232,31,Female,Data Analyst,8.6
3233,42,Male,Other,8.6
3234,23,Female,Other,5.0
3235,43,Male,Student,8.9
3236,29,Male,Marketing Specialist,8.2
3237,40,Female,Designer,5.8
3238,32,Male,Student,8.1
3239,44,Male,Student,9.5
3240,36,Male,Data Analyst,6.1
3241,23,Female,Student,4.6
3242,30,Female,Software Engineer,9.4
3243,42,Female,Marketing Specialist,7.1
3244,29,Female,Marketing Specialist,3.7
3245,33,Male,Other,6.9
3246,35,Male,Marketing Specialist,6.4
3247,22,Male,Marketing Specialist,8.8
3248,18,Male,Marketing Specialist,6.6
3249,44,Female,Marketing Specialist,4.7
3250,27,Female,Student,7.6
3251,36,Male,Data Analyst,6.7
3252,39,Male,Other,4.6
3253,43,Male,Marketing Specialist,6.9
3254,41,Male,Other,8.6
3255,18,Female,Data Analyst,3.2
3256,35,Male,Designer,7.3
3257,29,Male,Marketing Specialist,5.4
3258,30,Female,Other,5.0
3259,40,Male,Student,5.7
3260,29,Female,Other,5.3
3261,22,Male,Marketing Specialist,8.7
3262,32,Female,Software Engineer,4.9
3263,27,Other,Student,8.0
3264,35,Female,Student,3.6
3265,19,Male,Student,9.5
3266,24,Female,Software Engineer,7.2
3267,21,Male,Marketing Specialist,7.8
3268,31,Male,Student,5.0
3269,40,Male,Student,5.8
3270,43,Male,Student,4.5
3271,37,Female,Student,9.3
3272,37,Female,Marketing Specialist,6.3
3273,36,Female,Designer,7.3
3274,36,Female,Student,8.0
3275,17,Female,Designer,5.5
3276,39,Male,Student,7.9
3277,23,Male,Data Analyst,7.6
3278,26,Female,Marketing Specialist,7.8
3279,28,Male,Software Engineer,6.3
3280,32,Female,Designer,5.6
3281,23,Male,Software Engineer,4.5
3282,36,Male,Marketing Specialist,8.6
3283,33,Male,Other,7.1
3284,33,Male,Software Engineer,6.0
3285,29,Male,Marketing Specialist,9.4
3286,30,Female,Software Engineer,3.3
3287,21,Male,Designer,8.8
3288,26,Female,Data Analyst,9.8
3289,28,Male,Software Engineer,9.0
3290,40,Male,Designer,8.5
3291,16,Male,Student,5.5
3292,43,Female,Marketing Specialist,4.6
3293,21,Male,Student,8.0
3294,24,Female,Other,5.1
3295,23,Male,Student,4.2
3296,26,Female,Marketing Specialist,8.3
3297,37,Male,Data Analyst,5.1
3298,34,Female,Software Engineer,9.2
3299,39,Female,Data Analyst,8.7
3300,24,Female,Student,8.8
3301,32,Male,Other,8.2
3302,27,Male,Designer,9.0
3303,40,Male,Other,8.5
3304,29,Female,Marketing Specialist,7.1
3305,30,Female,Marketing Specialist,5.0
3306,31,Female,Data Analyst,9.0
3307,37,Male,Designer,8.7
3308,37,Male,Data Analyst,6.2
3309,43,Male,Software Engineer,3.3
3310,35,Other,Student,7.3
3311,16,Female,Designer,3.3
3312,25,Female,Student,9.3
3313,23,Male,Other,9.5
3314,33,Female,Software Engineer,4.3
3315,43,Female,Student,7.6
3316,16,Male,Student,3.6
3317,17,Female,Other,8.0
3318,16,Female,Student,5.4
3319,16,Female,Software Engineer,7.6
3320,24,Female,Student,5.5
3321,28,Male,Marketing Specialist,4.0
3322,16,Male,Data Analyst,5.8
3323,28,Other,Student,3.8
3324,35,Male,Marketing Specialist,6.9
3325,41,Female,Marketing Specialist,3.3
3326,37,Female,Software Engineer,6.6
3327,22,Female,Data Analyst,9.0
3328,17,Other,Data Analyst,8.7
3329,21,Male,Designer,9.0
3330,22,Male,Other,9.3
3331,41,Male,Student,3.7
3332,29,Male,Other,3.9
3333,41,Male,Software Engineer,6.8
3334,33,Male,Student,9.1
3335,30,Female,Designer,9.6
3336,17,Female,Student,3.3
3337,25,Male,Marketing Specialist,5.4
3338,38,Male,Student,4.4
3339,27,Female,Other,8.1
3340,32,Male,Marketing Specialist,7.4
3341,23,Male,Software Engineer,3.8
3342,26,Male,Other,6.3
3343,44,Female,Student,7.7
3344,18,Male,Software Engineer,8.3
3345,42,Other,Student,3.1
3346,21,Male,Student,9.1
3347,24,Female,Marketing Specialist,6.9
3348,21,Male,Software Engineer,8.5
3349,24,Male,Software Engineer,8.5
3350,22,Female,Student,4.3
3351,24,Female,Other,3.7
3352,33,Female,Software Engineer,7.9
3353,27,Female,Student,4.1
3354,23,Female,Data Analyst,8.8
3355,23,Female,Data Analyst,7.9
3356,33,Female,Data Analyst,8.7
3357,43,Male,Designer,5.0
3358,35,Male,Software Engineer,5.2
3359,30,Male,Designer,7.6
3360,42,Female,Other,3.2
3361,22,Male,Software Engineer,7.9
3362,26,Male,Student,8.7
3363,35,Female,Designer,5.8
3364,31,Female,Designer,8.2
3365,19,Female,Other,4.2
3366,21,Male,Designer,5.2
3367,41,Female,Student,9.6
3368,37,Male,Student,9.7
3369,41,Male,Data Analyst,6.5
3370,18,Male,Student,9.4
3371,24,Male,Student,6.6
3372,43,Male,Other,5.0
3373,25,Female,Other,4.8
3374,29,Male,Software Engineer,9.3
3375,26,Female,Student,4.2
3376,33,Female,Other,6.9
3377,37,Male,Designer,6.8
3378,27,Female,Other,8.0
3379,38,Male,Other,6.4
3380,27,Female,Other,4.9
3381,28,Male,Other,4.2
3382,40,Male,Data Analyst,7.2
3383,28,Male,Data Analyst,7.9
3384,34,Female,Software Engineer,6.9
3385,41,Female,Other,8.0
3386,34,Male,Student,4.0
3387,38,Female,Student,9.0
3388,29,Female,Software Engineer,7.0
3389,19,Female,Student,3.9
3390,28,Female,Other,6.1
3391,23,Female,Marketing Specialist,8.7
3392,44,Female,Other,9.1
3393,38,Female,Data Analyst,4.8
3394,36,Male,Student,7.8
3395,38,Male,Designer,3.7
3396,34,Male,Student,3.2
3397,27,Female,Designer,6.8
3398,33,Female,Student,7.7
3399,21,Male,Data Analyst,8.4
3400,33,Female,Designer,5.3
3401,34,Male,Student,3.0
3402,37,Male,Designer,6.3
3403,20,Other,Software Engineer,3.1
3404,39,Male,Student,3.6
3405,24,Male,Software Engineer,5.2
3406,42,Female,Other,6.0
3407,18,Female,Student,4.9
3408,43,Male,Student,7.0
3409,25,Female,Student,3.4
3410,34,Female,Other,4.0
3411,18,Male,Marketing Specialist,7.7
3412,44,Male,Student,4.0
3413,44,Female,Other,7.4
3414,37,Male,Student,3.4
3415,30,Female,Other,5.8
3416,16,Female,Software Engineer,4.2
3417,22,Other,Other,3.7
3418,27,Male,Designer,6.9
3419,32,Other,Marketing Specialist,9.3
3420,36,Male,Student,3.4
3421,41,Male,Other,5.9
3422,44,Male,Other,7.8
3423,39,Male,Student,6.1
3424,35,Female,Marketing Specialist,8.5
3425,20,Male,Marketing Specialist,4.2
3426,19,Male,Other,9.5
3427,43,Female,Student,5.6
3428,27,Male,Software Engineer,5.3
3429,35,Female,Marketing Specialist,8.9
3430,43,Male,Marketing Specialist,6.8
3431,39,Female,Data Analyst,6.5
3432,33,Female,Designer,7.9
3433,32,Male,Marketing Specialist,6.9
3434,34,Male,Software Engineer,4.1
3435,24,Male,Designer,7.6
3436,19,Female,Designer,3.9
3437,41,Male,Student,8.5
3438,36,Male,Student,9.7
3439,17,Male,Student,5.6
3440,19,Male,Student,6.0
3441,17,Female,Data Analyst,3.3
3442,30,Female,Marketing Specialist,3.1
3443,17,Male,Student,9.3
3444,19,Male,Other,3.9
3445,21,Female,Student,6.0
3446,22,Female,Student,8.5
3447,25,Male,Marketing Specialist,9.0
3448,34,Male,Student,6.5
3449,34,Male,Data Analyst,6.8
3450,41,Female,Software Engineer,7.6
3451,37,Male,Software Engineer,9.5
3452,44,Female,Marketing Specialist,7.1
3453,27,Female,Other,6.8
3454,18,Female,Software Engineer,3.1
3455,28,Male,Software Engineer,3.6
3456,33,Male,Student,6.9
3457,23,Male,Marketing Specialist,9.4
3458,36,Male,Other,8.9
3459,30,Female,Marketing Specialist,9.7
3460,16,Other,Software Engineer,6.6
3461,18,Female,Software Engineer,8.4
3462,41,Female,Software Engineer,8.7
3463,23,Male,Designer,7.4
3464,19,Male,Data Analyst,5.3
3465,31,Male,Student,6.2
3466,38,Female,Data Analyst,8.8
3467,25,Female,Marketing Specialist,5.0
3468,27,Female,Student,9.3
3469,29,Male,Student,4.6
3470,29,Male,Student,8.1
3471,17,Female,Other,7.3
3472,38,Male,Designer,8.1
3473,20,Female,Marketing Specialist,6.0
3474,20,Female,Designer,9.3
3475,21,Female,Marketing Specialist,7.3
3476,28,Male,Student,5.0
3477,24,Male,Student,7.3
3478,37,Male,Student,5.0
3479,43,Male,Marketing Specialist,5.0
3480,44,Male,Software Engineer,5.7
3481,30,Female,Student,8.8
3482,29,Female,Designer,6.4
3483,39,Male,Other,7.6
3484,22,Male,Student,5.7
3485,40,Male,Marketing Specialist,4.8
3486,35,Male,Designer,9.5
3487,17,Female,Data Analyst,7.1
3488,22,Male,Other,9.4
3489,21,Male,Data Analyst,4.4
3490,32,Male,Student,4.0
3491,42,Female,Software Engineer,8.8
3492,40,Female,Student,7.6
3493,40,Male,Marketing Specialist,4.3
3494,43,Female,Designer,4.8
3495,17,Female,Student,8.4
3496,18,Female,Designer,6.1
3497,20,Male,Marketing Specialist,7.6
3498,20,Female,Data Analyst,5.2
3499,16,Female,Student,5.6
